 What is your age? ,What is your gender?  , What is your occupation?   , How many hours do you play video games per day on average?  ,How many days per week do you play games?  , What type of games do you mostly play?  ,Do you often lose track of time while gaming?  ,Have you ever skipped meals or sleep due to gaming?   ,Have others ever expressed concern about your gaming habits?  ,"On a scale of 1 to 10, how stressed do you feel on average?  ","On a scale of 1 to 10, how anxious do you feel regularly?  ","On average, how many hours of sleep do you get per night?  ",How often do you feel socially withdrawn or isolated?  ,Have you ever felt guilty or depressed after long gaming sessions?  ,Do you think gaming helps you cope with stress or emotional issues?  ,Do you consent to your responses being used anonymously for academic research?   
24,Female,Neurosurgeon,7,1,Battle Royale,No,No,Yes,8,7,6.3,Sometimes,Yes,No,Yes
22,Male,Manager,1,1,Strategy,Yes,Yes,No,8,5,2.9,Often,Yes,Yes,Yes
17,Male,Bank Teller,5,7,Creative,Yes,Yes,Yes,5,8,4.9,Often,Yes,No,Yes
19,Male,Master Electrician,1,2,Action,Yes,Yes,No,4,5,5.3,Often,No,Yes,Yes
19,Male,Marketing Director,2,7,FPS,Yes,No,Yes,3,8,8.6,Sometimes,Yes,No,Yes
18,Male,Office Coordinator,4,4,Simulation,Yes,Yes,No,3,5,8.2,Never,No,Yes,Yes
18,Female,Doctor,1,3,Action,Yes,No,No,7,4,5.2,Often,No,Yes,Yes
29,Male,Doctor,1,7,Puzzle,Yes,Yes,Yes,6,4,8.0,Always,Yes,No,Yes
23,Male,Retail Manager,8,6,MOBA,Yes,No,Yes,5,2,7.7,Often,No,Yes,Yes
18,Male,Fast Food Worker,2,4,Battle Royale,Yes,Yes,Yes,3,8,5.1,Often,Yes,No,Yes
18,Female,Truck Driver,6,5,RPG,Yes,Yes,Yes,9,6,5.7,Often,Yes,Yes,Yes
21,Female,Student,4,4,Creative,Yes,Yes,No,7,7,7.5,Never,No,Yes,Yes
22,Other,Biomedical Engineer,5,3,Racing,Yes,No,Yes,9,7,6.9,Always,Yes,No,Yes
23,Male,Student,3,5,MMO,Yes,No,Yes,5,6,5.1,Always,Yes,No,Yes
18,Male,Student,1,6,Other,Yes,Yes,No,3,8,5.7,Rarely,No,Yes,Yes
20,Male,HS Junior,4,3,Simulation,Yes,Yes,No,3,7,7.1,Sometimes,No,No,Yes
17,Female,Student,4,7,Sports,Yes,No,No,6,10,6.9,Never,No,Yes,Yes
19,Female,Dentist,3,4,Action,Yes,Yes,No,4,8,6.0,Sometimes,No,Yes,Yes
24,Female,Bank Intern,1,5,FPS,Yes,No,No,9,6,7.5,Sometimes,Yes,Yes,Yes
17,Other,Graphic designer,2,1,Creative,Yes,Yes,Yes,8,6,5.2,Never,Yes,No,Yes
21,Female,HS Junior,1,7,Strategy,Yes,Yes,No,10,4,5.3,Sometimes,Yes,Yes,Yes
17,Female,Student,1,4,MMO,Yes,Yes,Yes,2,7,6.3,Often,No,Yes,Yes
22,Female,High School Freshman,5,4,FPS,Yes,Yes,Yes,8,7,5.3,Often,Yes,Yes,Yes
19,Female,HS Junior,4,6,Racing,No,No,No,3,8,7.2,Sometimes,Yes,No,Yes
22,Female,IT Support Specialist,5,3,Fitness,Yes,No,No,9,4,6.8,Never,No,Yes,Yes
19,Male,Medical Student,7,5,Puzzle,No,Yes,Yes,3,2,5.1,Often,Yes,No,Yes
19,Male,Unemployed,4,6,MMO,Yes,Yes,No,9,5,6.2,Often,Yes,Yes,Yes
18,Female,IT Support,5,5,Strategy,Yes,Yes,Yes,3,6,1.8,Sometimes,No,Yes,Yes
22,Male,Psychology Researcher,1,7,Sports,Yes,Yes,Yes,2,8,8.3,Sometimes,Yes,Yes,Yes
24,Female,College Senior,4,3,MMO,Yes,Yes,Yes,10,4,7.4,Often,No,No,No
18,Male,UI Designer,2,6,Simulation,Yes,No,No,3,3,6.3,Often,Yes,No,Yes
18,Female,Pharmacy Intern,4,5,Multiplayer,Yes,No,Yes,8,3,6.0,Often,No,Yes,Yes
25,Male,Student,1,7,Battle Royale,Yes,No,Yes,3,6,7.2,Often,Yes,No,Yes
19,Male,High School Student,5,4,Creative,Yes,No,No,3,6,5.6,Never,No,Yes,Yes
22,Male,Janitor,5,2,Adventure,No,Yes,Yes,2,5,3.5,Rarely,No,No,Yes
17,Male,Student,5,7,Simulation,Yes,Yes,No,8,4,4.6,Always,Yes,Yes,Yes
19,Female,Medical Student,2,2,Strategy,Yes,Yes,No,5,3,6.3,Sometimes,No,Yes,Yes
22,Male,Student,6,6,Puzzle,Yes,Yes,Yes,3,2,5.0,Sometimes,Yes,No,Yes
18,Female,Receptionist,6,7,FPS,No,No,Yes,6,7,6.8,Sometimes,Yes,No,Yes
22,Female,Fast Food Cashier,6,4,Strategy,Yes,No,Yes,7,1,7.0,Sometimes,Yes,Yes,Yes
20,Female,Business in Import export ,8,1,Simulation,Yes,Yes,Yes,10,3,8.0,Rarely,Yes,No,Yes
27,Female,Barista,2,2,RPG,No,Yes,No,3,4,6.2,Sometimes,Yes,Yes,Yes
19,Prefer not to say,Dental Hygienist,7,7,Multiplayer,Yes,No,No,10,1,5.3,Rarely,No,Yes,Yes
27,Female,Physician Assistant,3,7,Battle Royale,Yes,Yes,Yes,2,9,6.1,Sometimes,Yes,No,Yes
21,Female,Student,2,7,Other,Yes,No,Yes,8,4,4.7,Sometimes,No,No,Yes
18,Female,Freelance Writer,2,7,Casual,Yes,Yes,Yes,8,5,6.1,Sometimes,Yes,No,Yes
24,Male,Computer Engineering,3,1,Battle Royale,Yes,No,No,2,4,2.0,Rarely,Yes,Yes,Yes
20,Female,HR Generalist,2,7,Simulation,Yes,Yes,Yes,2,4,6.4,Often,No,No,Yes
22,Male,Factory Worker,4,6,Strategy,Yes,Yes,No,7,6,6.0,Sometimes,Yes,Yes,Yes
21,Female,Student,2,3,RPG,No,No,No,6,5,6.0,Sometimes,No,Yes,Yes
21,Female,Student,6,7,Rhythm,Yes,Yes,Yes,6,3,6.2,Often,No,No,Yes
22,Female,Student,2,4,Racing,Yes,No,Yes,3,5,7.9,Never,Yes,No,Yes
20,Female,Electrician,6,7,Sports,Yes,Yes,Yes,9,4,6.0,Never,No,Yes,Yes
20,Male,Student,7,3,Casual,Yes,No,No,10,7,6.1,Rarely,Yes,No,Yes
23,Female,Teacher,2,2,Other,Yes,Yes,No,9,8,5.9,Sometimes,No,Yes,Yes
20,Female,Vet Tech,3,4,Sports,Yes,Yes,Yes,10,6,6.1,Sometimes,No,Yes,Yes
21,Male,Student,1,7,FPS,Yes,Yes,Yes,10,4,7.7,Sometimes,No,Yes,Yes
19,Female,HS Senior,3,7,Strategy,Yes,Yes,No,9,6,6.2,Rarely,Yes,Yes,Yes
22,Female,College Freshman,1,2,Action,Yes,Yes,Yes,7,3,3.5,Often,Yes,No,Yes
19,Female,Pharmacy Tech,4,6,Simulation,Yes,No,Yes,8,1,7.4,Often,No,No,Yes
20,Male,Janitor,1,7,Strategy,Yes,No,No,8,5,4.9,Sometimes,No,Yes,Yes
28,Male,Grocery Stocker,3,3,Simulation,Yes,Yes,Yes,6,4,4.9,Often,Yes,Yes,Yes
21,Female,Factory Supervisor,9,7,Racing,Yes,No,Yes,7,5,6.8,Never,Yes,No,Yes
19,Female,Drink,2,1,Adventure,Yes,No,No,7,2,3.3,Often,No,No,Yes
25,Male,Construction Worker,7,6,Educational,Yes,Yes,Yes,2,4,5.8,Often,No,Yes,Yes
22,Male,College Dropout,1,1,Strategy,Yes,Yes,Yes,6,7,3.8,Sometimes,No,No,Yes
17,Male,Medical Assistant,6,6,Strategy,Yes,No,No,3,8,6.2,Sometimes,Yes,No,Yes
18,Female,College Freshman,6,4,Action,No,Yes,Yes,2,7,6.3,Always,No,No,Yes
23,Male,Graphic designer,5,6,Battle Royale,Yes,No,Yes,8,5,4.6,Sometimes,Yes,No,Yes
23,Female,Cybersecurity Expert,4,4,Simulation,Yes,Yes,Yes,2,1,7.1,Sometimes,Yes,No,Yes
17,Male,HR Assistant,4,4,Battle Royale,Yes,Yes,Yes,9,4,5.5,Often,Yes,No,Yes
22,Male,Student,7,1,Creative,Yes,Yes,No,2,1,7.0,Sometimes,Yes,Yes,Yes
23,Male,College Dropout,2,6,Casual,Yes,No,Yes,5,7,6.1,Often,No,Yes,Yes
24,Female,Student,1,6,Racing,Yes,Yes,Yes,6,1,7.1,Sometimes,No,No,Yes
20,Male,Chief Technology Officer,1,2,FPS,Yes,No,Yes,2,6,5.3,Often,Yes,No,No
21,Male,Physician Assistant,4,4,Casual,Yes,No,Yes,6,6,6.3,Often,Yes,No,Yes
20,Male,Freelancer,3,1,Simulation,Yes,No,Yes,6,1,6.2,Always,Yes,No,Yes
17,Male,Construction Foreman,5,6,Action,Yes,Yes,No,8,6,7.1,Sometimes,No,Yes,Yes
20,Male,College Dropout,1,6,FPS,Yes,Yes,Yes,6,8,4.0,Always,No,Yes,Yes
25,Female,Kindergarten Teacher,6,6,Sports,Yes,Yes,Yes,7,5,4.8,Often,Yes,Yes,Yes
31,Male,Auto Dealer,5,4,Racing,Yes,No,No,8,1,6.3,Often,Yes,Yes,Yes
29,Female,Unemployed,2,4,Battle Royale,No,No,No,5,5,5.8,Rarely,Yes,Yes,Yes
25,Male,Pharmacist,6,5,Strategy,No,Yes,Yes,7,10,7.1,Often,Yes,Yes,Yes
17,Male,Student,1,4,Educational,Yes,No,No,10,4,7.2,Never,No,Yes,Yes
18,Male,Student,3,7,Puzzle,Yes,No,No,9,5,7.1,Often,No,Yes,Yes
22,Female,Student,1,5,Strategy,Yes,No,Yes,7,6,5.7,Often,Yes,Yes,Yes
17,Male,Student,1,6,Casual,Yes,No,Yes,7,7,6.0,Never,Yes,No,Yes
19,Prefer not to say,Marketing Asst,3,6,RPG,No,No,No,6,9,7.1,Sometimes,Yes,Yes,Yes
25,Male,Quantum Computing Stud,5,5,Puzzle,Yes,No,No,2,1,7.2,Sometimes,Yes,No,Yes
24,Female,Student,1,6,Creative,Yes,No,No,2,6,6.2,Often,No,No,Yes
22,Female,Student,3,6,FPS,Yes,No,No,9,5,6.2,Sometimes,Yes,No,Yes
21,Male,College Dropout,2,6,Educational,Yes,Yes,Yes,8,5,8.1,Often,Yes,Yes,Yes
20,Other,Chief People Officer,3,5,Battle Royale,Yes,Yes,Yes,7,6,6.0,Sometimes,Yes,Yes,Yes
19,Female,Vet Tech,2,4,Puzzle,Yes,Yes,No,8,1,2.6,Never,No,No,Yes
23,Male,Student,7,6,FPS,Yes,No,No,7,9,6.4,Always,Yes,No,Yes
22,Male,Nanny,1,2,Casual,Yes,Yes,Yes,3,8,6.0,Always,Yes,Yes,Yes
20,Male,Security Officer,1,3,Puzzle,Yes,Yes,No,10,6,8.1,Never,Yes,No,Yes
20,Male,College Sophomore,1,7,Racing,Yes,No,No,8,2,5.2,Always,Yes,No,Yes
20,Male,Art Student,5,5,Puzzle,Yes,Yes,No,9,4,6.0,Sometimes,No,Yes,Yes
24,Male,Auto Dealership Manager,4,1,RPG,Yes,No,No,6,1,6.1,Sometimes,No,Yes,Yes
18,Prefer not to say,High School Student,4,3,FPS,Yes,Yes,Yes,10,7,6.0,Always,Yes,Yes,Yes
22,Male,Preschool Aide,2,5,Battle Royale,Yes,Yes,Yes,8,6,7.2,Never,Yes,Yes,Yes
22,Male,Computer Science Intern,3,6,FPS,Yes,Yes,Yes,2,8,7.2,Sometimes,Yes,No,Yes
20,Male,Manager,7,5,FPS,Yes,Yes,Yes,2,4,7.5,Never,No,Yes,Yes
19,Male,Landscape Architect,1,3,Creative,Yes,Yes,Yes,3,7,5.2,Often,Yes,No,Yes
22,Female,Preschool Assistant,7,6,Battle Royale,Yes,Yes,Yes,6,5,3.6,Sometimes,Yes,Yes,Yes
19,Male,Student,4,4,Educational,Yes,Yes,Yes,3,9,6.3,Often,Yes,No,Yes
18,Male,Cosmetology Student,4,5,Battle Royale,Yes,No,No,8,4,6.1,Often,Yes,Yes,Yes
21,Female,Cook,2,6,Casual,No,Yes,No,5,2,8.4,Sometimes,No,Yes,Yes
25,Male,Supply Chain Director,2,6,Strategy,Yes,No,Yes,9,4,6.6,Never,Yes,No,Yes
18,Female,Nurse,1,1,Racing,Yes,Yes,Yes,7,6,6.2,Often,No,No,Yes
18,Female,Construction Manager,5,6,Simulation,Yes,No,Yes,3,2,6.2,Sometimes,Yes,No,Yes
27,Male,College Athlete,5,3,Battle Royale,Yes,Yes,Yes,2,7,6.0,Sometimes,Yes,No,Yes
21,Other,Student,2,5,Strategy,Yes,No,Yes,8,1,5.9,Sometimes,No,Yes,Yes
27,Female,Astrophysics Student,1,2,Racing,Yes,No,Yes,6,6,5.1,Always,No,No,Yes
19,Prefer not to say,Fast Food Worker,1,6,Racing,No,Yes,Yes,9,6,5.5,Never,Yes,No,Yes
26,Male,Freelancer,2,6,Puzzle,Yes,Yes,No,6,5,8.2,Sometimes,Yes,Yes,Yes
21,Male,Software Engineer,2,5,Strategy,Yes,Yes,Yes,7,4,8.4,Often,Yes,No,Yes
18,Female,Electrician,5,3,Strategy,Yes,Yes,No,8,2,6.0,Rarely,No,Yes,Yes
21,Male,Manager at a Gaming Cafe,7,7,Strategy,Yes,Yes,Yes,8,1,6.0,Sometimes,Yes,Yes,Yes
19,Female,Biology Major,4,4,Casual,Yes,Yes,No,7,7,5.9,Rarely,Yes,No,Yes
27,Male,Psychology Student,4,2,Action,Yes,Yes,No,7,4,6.2,Sometimes,No,No,Yes
24,Male,Degree finish,4,6,Action,Yes,No,Yes,2,9,6.2,Never,No,Yes,Yes
18,Female,HS Junior,7,4,Simulation,Yes,Yes,No,6,3,6.1,Sometimes,No,Yes,Yes
25,Female,Auto Mechanic,4,1,Action,Yes,No,Yes,3,9,7.0,Always,Yes,No,Yes
19,Prefer not to say,IT Helpdesk,6,7,Creative,Yes,No,No,10,7,2.5,Often,No,No,Yes
21,Male,Warehouse Worker,1,6,Strategy,Yes,No,Yes,9,4,5.4,Often,Yes,Yes,Yes
23,Female,Student,2,6,Simulation,No,No,No,5,8,6.4,Never,No,No,Yes
19,Female,Landscaper,2,6,FPS,Yes,No,No,7,7,6.1,Never,Yes,Yes,Yes
23,Female,Auto Mechanic Lead,6,1,MMO,Yes,Yes,Yes,9,4,6.2,Always,No,No,Yes
21,Female,Student,1,5,Casual,No,Yes,No,7,6,6.1,Sometimes,No,Yes,Yes
23,Male,Mechanical Contractor,4,2,RPG,Yes,Yes,Yes,2,2,4.7,Always,No,Yes,Yes
27,Female,Student,5,2,Casual,Yes,Yes,No,7,3,6.0,Often,Yes,No,Yes
24,Male,Student,4,3,Strategy,Yes,Yes,No,3,5,7.2,Sometimes,Yes,No,Yes
19,Female,Nurse,4,6,FPS,No,Yes,Yes,10,2,3.9,Often,No,No,Yes
26,Female,Auto Mechanic Lead,2,3,Creative,Yes,Yes,Yes,2,4,6.9,Sometimes,No,Yes,Yes
19,Male,Student,2,2,Rhythm,Yes,Yes,No,9,8,8.5,Rarely,Yes,Yes,Yes
18,Female,Doctor,1,3,Strategy,Yes,No,No,2,5,6.4,Always,Yes,Yes,Yes
19,Prefer not to say,Warehouse Worker,1,7,Sports,Yes,Yes,Yes,7,2,5.7,Often,Yes,Yes,Yes
22,Male,Student,2,7,Other,Yes,No,Yes,8,6,2.0,Sometimes,No,No,Yes
26,Male,Medical Student,2,5,FPS,Yes,Yes,Yes,2,8,7.6,Often,Yes,No,Yes
18,Male,Student,4,1,Simulation,Yes,Yes,Yes,7,7,1.0,Often,Yes,No,Yes
22,Female,Engineering Student,4,4,Casual,Yes,No,No,7,2,6.3,Rarely,Yes,Yes,Yes
20,Female,Medical Student,7,4,Strategy,Yes,Yes,Yes,9,8,6.2,Sometimes,No,No,Yes
19,Other,Freelance Writer,1,5,RPG,Yes,Yes,Yes,10,7,6.0,Sometimes,Yes,Yes,Yes
20,Male,Music Producer,5,7,Strategy,Yes,Yes,Yes,6,7,7.1,Often,No,Yes,Yes
23,Male,Business in Import export ,1,7,Action,Yes,No,No,5,5,6.0,Always,Yes,Yes,Yes
17,Male,Electrician,1,5,Simulation,Yes,Yes,No,2,3,7.3,Often,No,No,Yes
26,Female,High School Student,2,3,Casual,Yes,No,No,7,4,6.0,Sometimes,No,No,Yes
19,Female,Dental Assistant,2,7,Racing,Yes,Yes,No,6,1,4.7,Never,Yes,No,Yes
20,Male,Student,1,3,Simulation,No,No,Yes,6,8,7.6,Often,Yes,No,Yes
19,Male,HS Senior,1,5,Battle Royale,Yes,Yes,Yes,10,1,8.2,Sometimes,Yes,No,Yes
20,Female,Student,1,6,Puzzle,Yes,Yes,Yes,4,8,4.7,Rarely,Yes,Yes,Yes
19,Female,Nursing Student,4,5,Simulation,Yes,Yes,Yes,7,4,7.1,Often,Yes,No,Yes
19,Male,Student,3,5,MMO,Yes,Yes,Yes,5,5,6.3,Sometimes,Yes,No,Yes
21,Male,College Freshman,4,1,Action,Yes,Yes,No,2,3,5.8,Often,Yes,No,Yes
24,Male,Student,1,7,Battle Royale,Yes,No,Yes,9,3,3.2,Often,Yes,No,Yes
18,Male,High School Junior,5,7,FPS,Yes,Yes,Yes,8,6,5.9,Often,No,Yes,Yes
21,Male,Vet Tech,6,3,Strategy,Yes,Yes,Yes,5,7,8.6,Rarely,Yes,No,Yes
23,Prefer not to say,Aerospace Engineer,3,7,FPS,Yes,Yes,No,3,8,6.3,Always,Yes,No,Yes
23,Male,Nanny,2,6,FPS,Yes,Yes,Yes,3,9,5.3,Never,Yes,No,Yes
27,Female,Theater Major,4,7,Creative,No,No,No,8,6,5.4,Sometimes,Yes,No,Yes
23,Male,Student,3,1,Creative,Yes,No,Yes,2,1,5.2,Often,Yes,Yes,Yes
25,Female,Construction Worker,2,6,FPS,No,Yes,No,10,4,5.4,Sometimes,Yes,Yes,Yes
23,Female,Auto Dealership Manager,1,7,Sports,Yes,No,No,8,8,6.1,Often,Yes,No,Yes
20,Female,Freelancer,3,4,Puzzle,No,Yes,Yes,3,7,3.8,Rarely,Yes,No,Yes
27,Female,Construction Worker,7,6,Action,Yes,Yes,No,6,8,4.6,Always,Yes,No,Yes
26,Male,Rideshare Driver FT,5,7,FPS,Yes,Yes,No,3,4,6.9,Often,Yes,Yes,Yes
22,Male,Student,3,5,Sports,Yes,Yes,Yes,5,5,6.2,Often,No,No,Yes
19,Male,Student,2,5,Strategy,Yes,Yes,Yes,5,2,8.2,Always,Yes,No,Yes
22,Male,Student,4,3,Casual,Yes,Yes,No,4,7,6.5,Rarely,No,Yes,No
29,Male,College Student,5,6,Puzzle,No,Yes,Yes,6,4,6.4,Always,Yes,No,Yes
22,Male,Dentist,5,2,Creative,No,Yes,Yes,10,2,6.6,Often,Yes,No,Yes
24,Male,Student,1,7,Simulation,Yes,Yes,Yes,7,5,5.9,Sometimes,Yes,Yes,Yes
18,Female,College Student,4,5,Action,No,Yes,No,9,6,7.4,Sometimes,Yes,Yes,Yes
21,Male,Marketing Manager,1,4,Creative,Yes,Yes,Yes,4,4,6.2,Always,Yes,Yes,Yes
24,Male,Biology Major,3,3,FPS,Yes,Yes,Yes,9,6,3.9,Often,No,No,Yes
22,Male,Dental Assistant,1,1,Strategy,No,Yes,No,7,4,5.2,Never,No,No,Yes
21,Prefer not to say,Student,4,6,FPS,Yes,Yes,No,9,9,5.8,Rarely,No,Yes,Yes
22,Female,Behavioral Neuroscience,4,7,Strategy,Yes,Yes,No,7,6,8.1,Sometimes,Yes,Yes,Yes
19,Male,Student,6,5,Creative,Yes,Yes,Yes,9,4,5.4,Often,No,Yes,Yes
24,Female,Chief Technology Officer,2,4,Puzzle,Yes,No,No,6,4,7.4,Often,No,Yes,Yes
25,Male,Factory Worker,2,2,Multiplayer,Yes,Yes,Yes,2,4,5.9,Often,No,Yes,Yes
20,Male,Student,1,6,Casual,Yes,Yes,Yes,5,1,5.8,Rarely,Yes,No,Yes
19,Male,HS Junior,4,4,Puzzle,Yes,Yes,Yes,3,6,8.5,Sometimes,Yes,No,Yes
22,Female,Marketing Associate,2,4,Puzzle,No,Yes,Yes,3,2,6.3,Often,No,No,Yes
20,Female,Student,2,6,Battle Royale,Yes,Yes,No,5,7,6.1,Sometimes,Yes,Yes,Yes
23,Female,Intern,2,7,MMO,Yes,No,No,3,4,6.3,Often,No,No,Yes
28,Female,Librarian,1,4,MMO,Yes,No,Yes,5,6,1.0,Sometimes,Yes,No,Yes
21,Female,Social Worker,5,1,Puzzle,Yes,No,No,2,5,3.0,Often,Yes,No,Yes
27,Female,Cybersecurity Expert,4,6,Sports,No,No,Yes,6,8,2.5,Rarely,Yes,Yes,Yes
20,Female,Manager,6,5,Action,Yes,Yes,Yes,6,6,5.8,Often,Yes,Yes,Yes
23,Male,Student ,3,2,Simulation,Yes,Yes,Yes,10,3,3.4,Never,Yes,Yes,Yes
22,Female,Student,4,5,Strategy,Yes,No,No,8,8,7.5,Often,Yes,Yes,Yes
23,Female,Student,7,5,Creative,Yes,Yes,No,10,6,3.0,Rarely,No,No,Yes
24,Female,Pediatrician,3,6,FPS,Yes,Yes,Yes,2,6,6.2,Sometimes,No,No,Yes
21,Prefer not to say,Computer Engineering,4,7,Multiplayer,Yes,No,No,10,6,6.0,Sometimes,Yes,No,Yes
19,Male,Marketing Coordinator,2,2,Strategy,Yes,Yes,Yes,9,6,4.0,Always,Yes,Yes,Yes
25,Female,Student,1,7,FPS,Yes,No,Yes,3,5,7.7,Sometimes,Yes,No,Yes
23,Female,Student,3,5,Racing,Yes,Yes,Yes,7,4,6.1,Sometimes,Yes,Yes,Yes
21,Female,Student,1,4,Action,Yes,No,No,9,2,6.1,Sometimes,No,Yes,Yes
22,Male,Janitor,3,7,Sports,No,Yes,No,7,2,6.9,Never,Yes,Yes,Yes
25,Male,Student,3,2,Racing,Yes,Yes,No,10,2,3.1,Always,Yes,No,Yes
20,Male,HS Senior,5,6,Battle Royale,Yes,Yes,Yes,7,4,5.7,Often,Yes,Yes,Yes
26,Male,Construction Worker,3,2,MMO,Yes,No,No,2,4,5.4,Never,Yes,No,Yes
20,Male,Computer Engineering,5,3,FPS,No,Yes,Yes,7,6,8.1,Often,No,No,Yes
19,Female,Nursing Student,4,6,Racing,Yes,Yes,Yes,2,8,4.7,Often,Yes,No,Yes
18,Male,College Student,1,7,FPS,No,No,No,6,4,8.1,Sometimes,Yes,Yes,Yes
24,Male,Student,1,3,Educational,Yes,Yes,Yes,5,7,5.7,Sometimes,Yes,No,Yes
24,Female,Marketing Director,4,6,MMO,Yes,Yes,Yes,1,9,5.6,Sometimes,Yes,No,Yes
22,Female,Blockchain Developer,1,2,Racing,Yes,Yes,Yes,7,6,6.5,Always,Yes,No,Yes
22,Female,Virtual Reality Designer,6,4,Racing,Yes,Yes,Yes,8,7,6.2,Sometimes,No,Yes,Yes
21,Male,College Student,3,6,Racing,No,Yes,Yes,9,9,5.3,Sometimes,Yes,Yes,Yes
17,Female,High School Freshman,4,2,Racing,No,No,Yes,6,7,8.1,Never,No,Yes,Yes
19,Female,Landscaping Crew,1,6,FPS,Yes,Yes,Yes,6,8,6.2,Never,Yes,Yes,Yes
28,Male,Office Coordinator,1,5,FPS,Yes,Yes,Yes,6,9,5.9,Often,Yes,No,Yes
18,Male,Student,2,3,Puzzle,Yes,No,No,6,6,8.4,Sometimes,No,Yes,Yes
23,Male,Cashier,4,7,RPG,Yes,No,Yes,6,2,6.9,Always,No,No,Yes
21,Male,Student,4,6,Simulation,Yes,Yes,Yes,3,4,6.3,Sometimes,No,Yes,Yes
22,Male,Vet Tech,4,1,Racing,Yes,Yes,No,8,4,4.0,Rarely,Yes,No,Yes
18,Female,Student,5,6,Puzzle,Yes,No,No,2,3,4.6,Always,Yes,No,Yes
18,Male,Psychology Student,4,2,Racing,No,No,Yes,7,8,4.9,Often,No,Yes,Yes
19,Female,Marketing Coordinator,1,5,MMO,No,No,No,9,7,5.7,Sometimes,No,Yes,Yes
22,Male,College Freshman,4,7,Puzzle,Yes,Yes,Yes,7,9,5.8,Often,Yes,No,Yes
22,Male,Electrician,1,4,Educational,Yes,Yes,No,9,1,5.1,Often,Yes,No,Yes
21,Male,Graphic Designer,1,6,Sports,Yes,No,No,5,4,1.5,Rarely,Yes,Yes,Yes
21,Other,Graphic Designer,7,6,Strategy,No,No,No,10,4,5.1,Often,Yes,Yes,Yes
22,Male,Astrophysics Student,5,2,RPG,Yes,Yes,Yes,4,6,6.3,Never,Yes,No,Yes
23,Male,Early Childhood Educator,1,5,Strategy,Yes,Yes,No,3,6,5.8,Often,Yes,Yes,Yes
19,Male,Librarian,1,6,FPS,Yes,No,No,5,1,7.2,Never,Yes,Yes,Yes
21,Male,IT Administrator,5,1,Sports,Yes,No,Yes,8,5,7.5,Sometimes,No,No,Yes
20,Female,Fast Food Worker,1,6,Racing,No,No,No,7,3,7.0,Rarely,No,Yes,Yes
23,Female,Auto Dealer,1,3,Racing,Yes,No,Yes,7,4,4.5,Often,Yes,Yes,Yes
18,Female,Freelance Writer,4,4,MMO,Yes,No,No,7,7,6.2,Never,Yes,Yes,Yes
25,Male,Investment Banker,3,7,FPS,Yes,Yes,Yes,7,8,4.8,Sometimes,Yes,No,Yes
19,Male,College Dropout,1,4,Racing,No,Yes,Yes,7,6,7.1,Sometimes,Yes,Yes,Yes
18,Male,Cognitive Psych Student,5,1,Puzzle,Yes,No,Yes,3,8,3.3,Rarely,Yes,No,Yes
25,Male,Unemployed,1,1,Strategy,Yes,Yes,No,7,6,5.8,Always,Yes,No,Yes
21,Male,IT Director,5,2,Strategy,Yes,No,Yes,4,6,6.0,Sometimes,Yes,No,Yes
21,Female,Business in Import export ,4,5,Simulation,No,Yes,Yes,5,1,8.3,Sometimes,No,Yes,Yes
21,Male,Aerospace Student,1,6,Racing,No,No,No,7,5,6.1,Often,Yes,Yes,No
19,Female,Student ,3,2,FPS,Yes,Yes,No,8,8,6.3,Often,No,No,Yes
20,Male,IT Support,1,5,Racing,Yes,No,Yes,7,3,5.7,Often,Yes,Yes,Yes
20,Male,Social Worker,3,6,Action,Yes,Yes,Yes,6,4,8.0,Always,Yes,Yes,Yes
20,Male,Medical Assistant,4,1,Strategy,Yes,Yes,Yes,6,8,3.9,Never,Yes,Yes,Yes
21,Male,IT Consultant,1,7,Action,Yes,No,Yes,8,3,6.2,Often,No,Yes,Yes
20,Male,Truck Driver,8,6,Simulation,Yes,No,No,1,5,6.0,Never,Yes,No,Yes
25,Female,Early Childhood Educator,7,4,FPS,Yes,Yes,No,3,1,7.0,Sometimes,Yes,No,Yes
17,Male,Student,1,7,FPS,No,No,No,10,8,6.2,Sometimes,Yes,Yes,Yes
23,Male,HS Junior,4,1,Simulation,Yes,No,No,6,4,6.1,Sometimes,Yes,No,Yes
25,Female,Vet Assistant,2,5,Educational,Yes,No,Yes,8,4,6.2,Often,Yes,No,Yes
25,Male,Financial Analyst,5,6,Battle Royale,No,No,Yes,6,7,7.1,Sometimes,Yes,No,Yes
20,Male,Art Instructor,2,6,MMO,Yes,Yes,Yes,8,5,7.4,Often,No,Yes,Yes
20,Male,Delivery Operations,4,1,MMO,No,Yes,Yes,6,3,6.2,Sometimes,Yes,No,Yes
27,Male,Chemistry Major,7,2,MMO,No,Yes,No,7,10,7.9,Never,No,Yes,Yes
23,Male,Social Media Manager,1,6,MMO,Yes,No,Yes,3,5,7.1,Sometimes,No,Yes,Yes
20,Male,College Student,2,7,Puzzle,Yes,Yes,Yes,2,4,6.9,Always,Yes,Yes,Yes
18,Male,Student,5,4,MMO,Yes,Yes,Yes,8,1,7.1,Sometimes,No,Yes,Yes
22,Female,College Freshman,5,7,Battle Royale,Yes,Yes,No,7,9,4.8,Often,No,No,Yes
19,Male,IT Support,3,5,Puzzle,Yes,No,Yes,3,5,7.3,Often,Yes,No,Yes
31,Female,Operations Executive,3,2,Creative,Yes,Yes,No,8,7,5.4,Often,No,No,Yes
30,Prefer not to say,HS Senior,1,5,Adventure,Yes,No,Yes,4,6,5.1,Rarely,No,Yes,Yes
23,Female,Pharmacy Tech,1,4,FPS,Yes,Yes,No,8,6,6.1,Often,Yes,No,Yes
24,Female,Student,7,1,Racing,Yes,No,No,8,7,5.1,Often,Yes,Yes,Yes
17,Prefer not to say,Student,1,6,RPG,Yes,Yes,No,7,7,2.9,Sometimes,Yes,No,Yes
17,Prefer not to say,Librarian,5,4,Puzzle,Yes,No,No,8,1,6.2,Often,No,Yes,Yes
18,Female,IT Consultant,3,4,FPS,Yes,Yes,Yes,3,7,5.3,Often,Yes,No,Yes
22,Male,High School Junior,6,2,MMO,Yes,No,No,10,3,5.1,Sometimes,No,Yes,Yes
22,Male,Registered Nurse,1,7,Racing,Yes,Yes,Yes,6,5,5.9,Often,Yes,Yes,Yes
18,Male,Unemployed,2,5,Casual,Yes,Yes,Yes,5,7,6.9,Sometimes,No,No,Yes
17,Male,Airline Captain,3,6,Sports,Yes,Yes,Yes,3,10,8.2,Often,Yes,No,Yes
19,Other,Art History Major,7,4,RPG,Yes,No,Yes,3,4,5.4,Sometimes,Yes,Yes,Yes
17,Male,College Athlete,5,7,Educational,No,Yes,No,6,9,6.0,Often,No,No,Yes
21,Male,Drink,4,3,Battle Royale,Yes,No,No,8,5,8.0,Often,Yes,No,Yes
27,Male,Student,4,5,Casual,Yes,Yes,No,7,5,7.2,Often,Yes,No,Yes
23,Female,Social Worker,2,3,Simulation,Yes,Yes,Yes,3,7,7.7,Always,Yes,No,Yes
22,Female,Special Ed Teacher,4,3,FPS,Yes,Yes,Yes,7,2,6.1,Often,No,No,Yes
21,Male,Student,7,5,Battle Royale,Yes,No,No,3,1,3.3,Often,No,Yes,Yes
21,Male,Psychology Student,1,6,FPS,Yes,No,No,10,5,5.9,Sometimes,Yes,Yes,Yes
23,Male,Delivery Driver,2,7,Racing,No,No,Yes,10,7,4.6,Never,Yes,No,No
21,Male,Intern,3,7,Casual,Yes,No,Yes,3,5,8.4,Often,No,Yes,Yes
18,Female,College Dropout,3,4,Strategy,Yes,Yes,No,2,6,5.0,Often,Yes,No,Yes
21,Male,Construction Lead,1,5,Sports,Yes,Yes,Yes,6,9,7.8,Never,Yes,No,Yes
18,Male,Vet Tech,8,4,Puzzle,No,Yes,Yes,7,6,7.3,Sometimes,Yes,No,Yes
17,Male,Graphic Designer,3,1,Strategy,Yes,Yes,No,9,6,6.7,Often,Yes,No,Yes
20,Female,Lawyer,2,6,Sports,Yes,No,Yes,5,2,6.0,Often,Yes,No,Yes
23,Female,Warehouse Manager,4,7,Simulation,No,No,Yes,8,9,5.3,Never,Yes,No,Yes
20,Other,Chemistry Major,2,4,RPG,Yes,Yes,Yes,6,7,4.9,Often,No,No,Yes
21,Male,Doctor,2,6,MMO,No,No,No,3,3,2.0,Often,Yes,Yes,Yes
22,Male,Student,1,5,Racing,Yes,Yes,No,5,10,5.9,Often,No,Yes,Yes
22,Female,HS Junior,5,6,Educational,No,Yes,No,8,1,5.6,Sometimes,Yes,Yes,Yes
18,Male,Art Student,6,6,Strategy,No,Yes,No,5,4,7.7,Always,No,No,Yes
21,Male,Business in Import export ,1,1,Strategy,No,No,No,10,8,7.0,Rarely,Yes,Yes,Yes
24,Female,High School Student,4,6,Strategy,No,Yes,Yes,6,5,5.2,Always,Yes,No,Yes
19,Prefer not to say,Student,6,3,Other,Yes,Yes,No,6,1,5.8,Often,Yes,Yes,Yes
19,Male,Marketing Coordinator,3,5,Casual,Yes,Yes,Yes,6,6,8.1,Sometimes,Yes,No,Yes
23,Male,Student,2,6,Action,Yes,Yes,Yes,2,1,5.7,Often,Yes,Yes,Yes
18,Male,Psychology Student,3,4,Sports,Yes,Yes,Yes,6,9,6.1,Often,Yes,No,Yes
18,Male,Real Estate Developer,4,7,Simulation,Yes,Yes,Yes,3,6,8.0,Often,Yes,Yes,Yes
26,Male,Vet Tech,1,6,MMO,No,Yes,Yes,8,8,8.1,Never,Yes,No,Yes
24,Female,Rideshare Driver FT,1,3,Sports,Yes,No,Yes,8,5,6.3,Often,Yes,Yes,Yes
20,Male,Student,4,1,Sports,Yes,Yes,No,6,6,5.5,Sometimes,No,Yes,Yes
23,Male,HS Senior,3,6,Casual,Yes,No,Yes,2,4,5.8,Never,No,No,Yes
27,Male,Plumber,4,7,Adventure,Yes,Yes,Yes,4,8,6.1,Often,No,No,Yes
18,Male,Student,6,5,Action,Yes,No,Yes,8,4,4.2,Never,No,No,Yes
18,Male,Marketing Director,3,6,Action,No,No,No,9,1,5.8,Often,No,No,Yes
24,Male,Student,10,4,FPS,No,No,No,8,7,8.3,Rarely,Yes,Yes,Yes
26,Female,Delivery Driver,2,4,MOBA,Yes,No,No,9,1,5.5,Never,Yes,Yes,Yes
19,Male,Student,1,7,Sports,Yes,Yes,Yes,9,1,6.8,Sometimes,Yes,Yes,Yes
19,Male,Freelancer,1,6,Strategy,Yes,Yes,No,9,3,5.6,Always,No,No,Yes
24,Male,Security Officer,1,7,FPS,Yes,Yes,No,10,6,5.2,Sometimes,Yes,No,Yes
23,Male,Security Guard,8,3,Adventure,Yes,No,No,5,8,5.3,Often,Yes,Yes,Yes
19,Female,Student,3,6,Strategy,No,Yes,Yes,10,6,6.0,Never,Yes,Yes,Yes
24,Male,Network Administrator,4,4,Educational,Yes,No,No,9,6,5.1,Rarely,No,Yes,Yes
20,Male,College Athlete,4,4,Casual,Yes,No,No,3,5,7.2,Always,No,Yes,Yes
18,Female,Barista,8,2,Sports,Yes,No,No,5,9,8.4,Never,No,No,Yes
17,Female,Aerospace Engineer,4,1,Sports,Yes,No,No,3,9,5.9,Often,No,No,Yes
20,Female,Construction Apprentice,2,1,Multiplayer,No,Yes,No,8,4,7.1,Never,No,Yes,Yes
20,Male,Graphic Designer,3,7,RPG,Yes,Yes,No,7,5,6.0,Never,Yes,Yes,Yes
25,Male,Registered Nurse,7,6,Simulation,Yes,No,Yes,8,6,7.2,Often,Yes,Yes,Yes
18,Female,Student,1,6,Simulation,Yes,No,No,5,4,8.4,Always,No,Yes,Yes
22,Prefer not to say,Student,4,6,Sports,No,Yes,Yes,8,1,7.8,Rarely,Yes,No,Yes
17,Male,HS Junior,8,6,MMO,Yes,Yes,No,8,6,5.8,Sometimes,No,Yes,Yes
18,Female,Student,4,4,Puzzle,Yes,Yes,Yes,5,4,5.8,Sometimes,Yes,No,Yes
19,Female,Behavioral Neuroscience,3,5,Simulation,Yes,Yes,No,7,7,6.0,Often,No,No,Yes
17,Male,Student,4,2,Puzzle,Yes,Yes,Yes,4,6,4.2,Often,No,No,Yes
22,Male,Student,4,7,RPG,Yes,Yes,Yes,8,4,6.1,Sometimes,Yes,No,Yes
23,Male,Student,3,2,Multiplayer,No,Yes,Yes,10,2,5.2,Often,Yes,No,Yes
24,Female,Marketing Coordinator,4,4,FPS,Yes,Yes,No,3,2,4.6,Often,No,Yes,Yes
22,Male,HVAC Technician,1,5,Action,Yes,Yes,No,3,2,8.0,Never,Yes,Yes,Yes
20,Female,Robotics Engineer,3,5,Action,Yes,No,No,7,5,5.9,Rarely,No,No,Yes
24,Male,Student,4,3,Action,Yes,Yes,No,3,7,1.9,Sometimes,Yes,No,Yes
20,Male,Data Scientist,8,5,Puzzle,Yes,No,Yes,6,1,6.1,Often,Yes,No,Yes
18,Male,Landscape Architect,9,7,Multiplayer,Yes,No,Yes,9,4,4.2,Sometimes,Yes,No,Yes
26,Male,Network Administrator,2,3,Puzzle,Yes,Yes,No,3,4,5.4,Often,Yes,No,Yes
22,Male,Graphic Designer,6,5,Other,No,Yes,Yes,6,6,8.1,Always,Yes,No,Yes
20,Female,Warehouse Worker,2,6,Racing,Yes,No,No,6,6,3.6,Sometimes,Yes,Yes,Yes
26,Female,Psychology Student,6,1,RPG,Yes,No,No,8,5,7.0,Often,No,Yes,Yes
23,Male,Student,4,5,Casual,Yes,Yes,No,4,6,6.3,Often,Yes,Yes,Yes
24,Male,Student,5,2,Puzzle,Yes,Yes,No,5,4,7.2,Often,Yes,Yes,Yes
18,Male,Childcare Worker,2,5,FPS,Yes,Yes,Yes,3,4,7.0,Sometimes,Yes,No,Yes
21,Female,Veterinarian,1,1,FPS,No,Yes,Yes,4,9,5.0,Often,No,Yes,Yes
24,Male,Student,2,5,Other,No,Yes,Yes,6,5,6.2,Rarely,Yes,No,Yes
20,Female,College Student,2,2,Strategy,Yes,Yes,Yes,3,5,5.3,Rarely,No,Yes,Yes
19,Male,Mechanic,2,6,Puzzle,Yes,No,No,8,8,4.1,Never,Yes,No,Yes
22,Male,Journalism Student,4,2,Racing,Yes,No,No,6,4,8.3,Sometimes,Yes,Yes,Yes
23,Female,Biology Researcher,4,1,RPG,No,No,Yes,8,8,6.3,Never,Yes,No,Yes
21,Male,Brand Strategist,3,5,FPS,Yes,No,Yes,7,6,7.9,Sometimes,No,No,Yes
18,Female,Student,3,3,MMO,Yes,Yes,No,6,2,4.2,Always,Yes,No,Yes
18,Prefer not to say,Nurse,5,6,Casual,Yes,Yes,Yes,3,8,5.4,Never,No,Yes,Yes
25,Male,Drink,5,6,Visual Novel,Yes,Yes,No,5,8,6.0,Often,Yes,No,Yes
22,Male,Student,3,5,Racing,Yes,No,Yes,5,8,6.0,Rarely,No,Yes,Yes
17,Male,HS Senior,5,1,FPS,Yes,Yes,No,6,8,5.4,Always,Yes,Yes,Yes
19,Female,Student,7,7,Strategy,Yes,Yes,No,3,7,6.1,Never,Yes,Yes,Yes
19,Prefer not to say,Student,4,7,Puzzle,Yes,No,Yes,7,7,7.0,Often,Yes,Yes,Yes
19,Female,Journalism Student,6,7,Puzzle,Yes,No,Yes,6,8,6.3,Often,Yes,Yes,Yes
19,Female,Pharmacy Tech,1,4,FPS,Yes,No,No,8,2,5.7,Often,No,Yes,Yes
20,Female,Intern,4,6,Racing,Yes,No,No,3,8,5.6,Sometimes,No,Yes,Yes
26,Male,Graphic Artist,2,5,Strategy,No,No,No,9,8,7.1,Often,No,Yes,Yes
21,Female,Dental Office Manager,2,3,Adventure,No,No,No,6,1,6.2,Never,Yes,No,Yes
22,Male,Student,2,4,Simulation,Yes,Yes,Yes,10,9,5.0,Often,Yes,Yes,No
18,Female,HVAC Technician,2,4,Visual Novel,Yes,No,No,4,5,5.7,Sometimes,No,Yes,Yes
22,Male,Neuroscience Researcher,6,7,Sports,Yes,No,Yes,7,6,6.3,Always,Yes,Yes,Yes
17,Female,Nurse Anesthetist,8,7,Battle Royale,Yes,Yes,No,10,2,8.4,Often,No,Yes,Yes
23,Female,Unemployed,5,4,Racing,No,No,Yes,5,1,6.8,Never,No,No,Yes
22,Male,IT Director,3,6,Multiplayer,Yes,No,Yes,7,4,5.9,Sometimes,Yes,No,Yes
21,Female,Fast Food Worker,5,6,Simulation,Yes,No,Yes,3,4,5.3,Often,Yes,Yes,Yes
21,Female,Lawyer,7,5,Strategy,Yes,Yes,No,9,5,7.1,Often,Yes,Yes,Yes
20,Male,Student,4,5,FPS,No,Yes,Yes,3,1,6.2,Often,No,No,Yes
22,Male,Student,6,6,Strategy,Yes,Yes,No,6,1,2.8,Always,Yes,Yes,Yes
23,Other,Graphic Artist,4,7,FPS,Yes,Yes,Yes,6,6,3.5,Sometimes,Yes,No,Yes
28,Male,Student,4,6,Casual,Yes,Yes,No,9,5,6.1,Often,Yes,Yes,Yes
19,Prefer not to say,Student,3,4,Puzzle,Yes,Yes,No,10,2,6.1,Rarely,Yes,No,Yes
22,Female,Student,2,2,Other,Yes,Yes,No,3,4,8.0,Sometimes,No,No,Yes
18,Female,Real Estate Developer,5,7,Multiplayer,Yes,Yes,No,7,5,6.0,Rarely,Yes,No,Yes
21,Female,Preschool Director,8,4,Simulation,Yes,No,Yes,5,7,5.7,Never,Yes,Yes,Yes
27,Male,Child Development Prof,5,5,MMO,Yes,Yes,No,2,5,5.0,Often,No,Yes,Yes
21,Female,Student,3,5,Puzzle,Yes,No,Yes,6,6,8.1,Rarely,Yes,No,Yes
17,Female,High School Student,1,6,Casual,Yes,Yes,No,8,8,2.4,Always,Yes,Yes,Yes
28,Male,Student,4,6,Puzzle,Yes,No,No,10,6,5.1,Often,Yes,No,Yes
17,Prefer not to say,Nursing Assistant,4,6,Creative,Yes,No,Yes,6,1,5.9,Sometimes,Yes,Yes,Yes
23,Female,College Athlete,3,3,Strategy,Yes,Yes,Yes,7,8,5.8,Rarely,Yes,No,Yes
27,Prefer not to say,Student,2,4,Puzzle,No,Yes,Yes,7,6,8.1,Often,Yes,No,Yes
21,Prefer not to say,Intern,4,6,Simulation,Yes,No,Yes,5,5,6.2,Sometimes,No,Yes,No
22,Female,Construction Supervisor,6,5,Racing,Yes,Yes,Yes,9,8,3.8,Never,Yes,Yes,Yes
21,Female,Computer Engineering,3,5,Action,Yes,No,Yes,2,4,8.3,Sometimes,No,Yes,Yes
19,Female,Student,2,5,Simulation,Yes,No,Yes,6,6,5.4,Rarely,Yes,No,Yes
21,Female,Physician Assistant,4,5,Simulation,No,Yes,Yes,8,2,6.2,Never,No,Yes,Yes
20,Female,Marketing Director,4,7,Simulation,No,Yes,No,7,3,6.2,Sometimes,Yes,Yes,Yes
21,Female,Student,1,6,Simulation,Yes,No,No,9,6,6.3,Sometimes,Yes,No,Yes
22,Female,Cashier,7,1,Action,Yes,Yes,Yes,8,1,6.0,Sometimes,Yes,No,Yes
20,Male,Student,2,6,Educational,Yes,Yes,Yes,2,7,6.1,Often,No,No,Yes
20,Female,Engineering Student,6,4,Simulation,Yes,Yes,Yes,6,4,8.5,Sometimes,Yes,Yes,Yes
18,Female,Student,4,1,MMO,Yes,No,No,5,5,5.3,Rarely,No,Yes,Yes
19,Male,Student,1,1,Educational,Yes,Yes,No,6,6,4.1,Always,Yes,No,Yes
21,Male,Student,1,7,FPS,No,Yes,No,7,5,6.0,Sometimes,Yes,Yes,Yes
23,Male,Construction Director,1,2,Fitness,Yes,No,No,8,7,7.0,Never,No,Yes,Yes
22,Male,Student,7,3,MMO,Yes,No,No,6,7,8.1,Sometimes,No,Yes,Yes
17,Male,Student,4,6,Racing,No,No,No,2,2,6.3,Rarely,Yes,Yes,Yes
17,Male,Computer Engineering,4,4,Puzzle,Yes,Yes,Yes,5,7,7.3,Always,No,No,Yes
23,Male,Student,1,6,Simulation,Yes,Yes,Yes,3,5,6.8,Often,No,No,Yes
23,Female,Delivery Driver,2,2,Puzzle,Yes,No,Yes,7,3,6.0,Often,Yes,Yes,Yes
22,Female,Student,4,1,Simulation,Yes,Yes,No,7,8,3.6,Often,No,No,Yes
17,Male,Financial Planner,1,3,Battle Royale,Yes,No,Yes,10,5,3.9,Sometimes,Yes,Yes,Yes
27,Male,AI Research Assistant,5,6,RPG,Yes,Yes,No,9,8,7.0,Never,No,No,Yes
28,Female,Student,8,4,FPS,Yes,No,No,10,8,8.0,Often,No,No,Yes
22,Female,Student,4,5,Battle Royale,Yes,Yes,Yes,7,6,7.0,Often,Yes,No,Yes
21,Male,Student,1,6,Educational,Yes,Yes,No,9,4,4.2,Sometimes,No,Yes,Yes
22,Male,High School Senior,1,3,Adventure,Yes,Yes,Yes,6,4,5.7,Sometimes,Yes,Yes,Yes
22,Male,Student,6,6,RPG,Yes,No,No,3,6,8.5,Never,Yes,No,Yes
21,Male,Software Developer,5,1,Battle Royale,Yes,Yes,Yes,7,5,4.9,Sometimes,Yes,No,Yes
20,Male,HS Junior,4,2,Puzzle,No,No,No,10,8,6.0,Sometimes,Yes,No,Yes
23,Male,Accountant,2,4,Sports,No,Yes,No,7,6,6.0,Sometimes,Yes,No,Yes
21,Male,Systems Administrator,5,2,Multiplayer,Yes,No,Yes,8,7,7.0,Rarely,No,No,Yes
23,Male,Graphic Designer,2,6,FPS,Yes,Yes,Yes,9,6,5.9,Often,Yes,Yes,Yes
28,Male,Student,4,7,Other,Yes,No,Yes,7,1,4.7,Often,No,Yes,Yes
23,Female,HVAC Technician,2,6,Puzzle,Yes,Yes,No,3,4,6.1,Never,No,Yes,Yes
23,Male,IT Consultant,6,7,Simulation,No,Yes,Yes,9,7,6.2,Always,Yes,No,Yes
22,Female,Pharmacy Tech,7,6,Casual,Yes,No,Yes,2,6,6.0,Rarely,Yes,Yes,Yes
19,Male,Student,2,6,Creative,Yes,Yes,No,6,7,6.0,Always,No,No,Yes
19,Female,Student,5,6,Strategy,Yes,No,Yes,7,2,6.2,Sometimes,Yes,Yes,Yes
22,Female,Student,5,7,Simulation,Yes,No,Yes,4,6,6.1,Always,No,Yes,Yes
20,Male,Delivery Driver,5,7,Strategy,Yes,Yes,No,2,7,4.2,Often,Yes,No,Yes
21,Male,Art Gallery Intern,2,6,Racing,No,No,Yes,4,7,8.3,Often,No,No,Yes
19,Male,Student,1,4,Battle Royale,Yes,Yes,Yes,2,6,6.2,Often,Yes,No,Yes
18,Prefer not to say,Dental Assistant,5,7,FPS,Yes,Yes,Yes,3,5,6.2,Sometimes,Yes,No,Yes
29,Male,Student,5,6,Simulation,Yes,No,Yes,2,4,6.1,Always,Yes,No,Yes
21,Female,Delivery Driver,3,5,Educational,Yes,No,No,3,7,5.6,Never,No,Yes,Yes
25,Male,Pediatric Nurse Prac,3,1,Action,Yes,Yes,Yes,4,6,7.0,Rarely,Yes,No,Yes
23,Male,Barista,4,6,Sports,Yes,No,No,5,1,4.8,Never,Yes,No,Yes
23,Female,Student,3,4,Action,Yes,No,No,4,6,6.3,Never,Yes,No,Yes
18,Prefer not to say,Computer Science Major,6,5,Battle Royale,Yes,Yes,Yes,7,6,7.8,Always,Yes,Yes,Yes
22,Male,Software Engineer,1,6,Battle Royale,Yes,No,No,9,4,6.1,Rarely,Yes,No,Yes
26,Female,Student,5,6,Casual,Yes,Yes,No,5,5,8.1,Sometimes,No,No,Yes
17,Female,College Freshman,7,6,Sports,Yes,Yes,Yes,5,7,5.7,Sometimes,Yes,No,Yes
19,Male,Student,3,6,Sports,Yes,Yes,Yes,5,9,5.0,Sometimes,Yes,Yes,Yes
20,Male,Student,3,6,Casual,No,No,Yes,9,2,6.1,Often,Yes,No,Yes
22,Female,Cognitive Scientist,7,7,Action,No,No,Yes,5,2,8.7,Often,No,Yes,Yes
17,Male,Fine Arts Major,3,6,Puzzle,Yes,Yes,No,4,3,5.8,Never,Yes,No,Yes
19,Prefer not to say,Delivery Manager,3,4,MMO,Yes,No,Yes,5,5,7.2,Sometimes,Yes,No,Yes
21,Prefer not to say,Pharmacy Tech,5,3,Battle Royale,Yes,Yes,No,8,4,6.2,Often,Yes,No,Yes
22,Male,Marketing Specialist,5,6,Racing,No,No,No,8,6,7.0,Sometimes,No,No,Yes
20,Prefer not to say,Construction Apprentice,4,5,Action,Yes,Yes,Yes,3,5,7.1,Rarely,Yes,No,Yes
20,Female,Plumber,1,5,Racing,Yes,Yes,Yes,6,4,3.2,Sometimes,Yes,Yes,Yes
17,Female,Student,2,2,Sports,Yes,No,No,5,5,3.7,Sometimes,No,No,Yes
28,Male,Special Needs Teacher,1,6,FPS,Yes,No,No,2,6,6.3,Sometimes,Yes,No,Yes
17,Prefer not to say,Student,6,6,Racing,Yes,Yes,Yes,9,8,5.9,Often,Yes,No,Yes
23,Male,Software Engineer,7,4,Action,Yes,Yes,Yes,8,7,6.2,Never,Yes,Yes,No
17,Male,Student,4,4,Casual,Yes,No,No,8,8,4.1,Sometimes,No,Yes,Yes
24,Male,Supply Chain Director,1,3,Sports,Yes,Yes,No,7,3,6.1,Sometimes,No,Yes,Yes
17,Male,Psychology Student,6,5,Action,Yes,No,No,9,7,8.6,Always,Yes,No,Yes
19,Prefer not to say,Student,3,3,Action,Yes,Yes,No,3,3,7.9,Often,Yes,No,Yes
21,Male,Student,5,6,Racing,Yes,Yes,Yes,8,5,7.9,Often,Yes,No,Yes
18,Male,Student,3,7,Strategy,Yes,Yes,Yes,7,10,6.2,Always,Yes,No,Yes
17,Female,Student,4,2,Casual,Yes,Yes,Yes,10,8,5.9,Never,No,No,No
22,Male,Engineer,4,5,FPS,Yes,Yes,Yes,2,2,3.3,Never,Yes,No,Yes
19,Male,Landscape Architect,6,2,Strategy,Yes,No,Yes,9,5,7.2,Never,Yes,Yes,Yes
21,Female,Landscaping Crew,7,4,Action,Yes,No,No,2,4,5.9,Sometimes,Yes,No,Yes
25,Female,Psychology Student,5,2,Simulation,Yes,Yes,No,7,5,5.7,Never,No,No,Yes
20,Female,Freelancer,1,4,Simulation,Yes,Yes,No,9,3,6.1,Often,Yes,Yes,Yes
23,Female,Landscaping Crew,9,7,FPS,Yes,Yes,No,8,1,6.0,Rarely,Yes,No,Yes
20,Other,Computer Engineering,4,5,MOBA,Yes,No,Yes,9,3,6.1,Often,Yes,Yes,Yes
22,Female,Barista,2,6,RPG,Yes,Yes,No,10,4,6.2,Always,No,No,Yes
22,Male,Student,6,6,Simulation,No,No,No,8,6,8.1,Always,No,Yes,Yes
22,Female,Employee Relations Spec,4,4,Battle Royale,Yes,No,Yes,6,5,5.4,Rarely,Yes,Yes,Yes
18,Female,Student,1,3,Puzzle,Yes,Yes,Yes,7,6,6.1,Sometimes,No,No,Yes
18,Male,Music Store Clerk,4,4,Strategy,Yes,Yes,No,5,8,6.3,Sometimes,No,No,Yes
23,Male,Landscaping Crew,7,5,Simulation,Yes,Yes,Yes,3,7,6.4,Sometimes,Yes,No,Yes
27,Female,Student,2,5,Racing,Yes,Yes,No,2,4,7.8,Rarely,No,Yes,Yes
21,Male,High School Sophomore,4,6,Simulation,Yes,Yes,No,5,7,8.1,Sometimes,Yes,No,Yes
27,Female,Software Engineer,4,6,Battle Royale,Yes,No,Yes,10,6,7.1,Often,Yes,No,Yes
25,Female,IT Support Specialist,1,4,Educational,No,No,Yes,6,6,5.3,Often,Yes,Yes,Yes
19,Female,College Student,2,6,Simulation,Yes,Yes,No,8,8,6.1,Often,No,Yes,Yes
22,Male,Student,2,2,FPS,No,Yes,Yes,4,6,5.3,Often,No,No,Yes
19,Female,Factory Supervisor,1,6,Simulation,Yes,Yes,No,5,4,5.9,Never,No,No,Yes
22,Male,Construction Supervisor,2,5,Battle Royale,Yes,Yes,No,6,1,8.4,Rarely,No,Yes,Yes
20,Male,IT Support,2,5,Simulation,Yes,No,Yes,9,6,8.2,Always,No,Yes,Yes
21,Male,Marketing Coordinator,6,1,Sports,Yes,Yes,Yes,7,7,8.5,Often,Yes,Yes,Yes
19,Male,Landscaping Crew Lead,7,5,FPS,Yes,No,No,10,1,5.4,Sometimes,Yes,Yes,Yes
18,Male,Student,4,6,Strategy,Yes,No,Yes,2,4,6.0,Often,Yes,Yes,Yes
20,Female,Preschool Director,5,4,Racing,Yes,No,No,2,6,6.0,Never,Yes,Yes,Yes
24,Prefer not to say,Intern,1,6,MMO,Yes,Yes,No,8,1,5.1,Often,Yes,Yes,Yes
22,Male,Student,1,2,Racing,Yes,No,Yes,3,8,7.3,Never,No,No,Yes
25,Male,Software Engineer,5,6,Action,Yes,No,Yes,2,6,4.9,Often,No,Yes,Yes
20,Female,Art Gallery Intern,4,3,Sports,Yes,Yes,Yes,9,6,7.2,Often,No,Yes,Yes
25,Male,Student,6,5,FPS,Yes,Yes,Yes,7,2,4.9,Often,Yes,No,Yes
21,Male,Marketing Director,1,6,Action,Yes,Yes,No,9,6,5.1,Sometimes,No,No,Yes
19,Female,Dental Receptionist,2,6,Action,Yes,Yes,No,3,5,6.2,Never,Yes,Yes,Yes
22,Female,Nursing Student,4,4,Racing,Yes,No,No,5,7,6.2,Often,No,Yes,Yes
20,Male,Student,6,7,MMO,Yes,Yes,No,5,2,6.1,Always,No,No,Yes
20,Female,Student,5,3,Simulation,No,Yes,Yes,5,7,8.4,Often,Yes,No,Yes
19,Male,Student,2,4,Sports,Yes,Yes,Yes,5,8,6.0,Often,No,Yes,Yes
20,Prefer not to say,Landscaping Crew,5,2,Casual,Yes,Yes,Yes,3,6,6.3,Often,Yes,Yes,Yes
17,Male,Student,1,7,Action,Yes,Yes,Yes,3,4,6.0,Often,No,No,Yes
24,Male,Student,1,6,Puzzle,Yes,Yes,Yes,7,2,5.0,Often,Yes,Yes,Yes
22,Female,Warehouse Supervisor,1,3,FPS,Yes,Yes,Yes,8,7,5.3,Never,Yes,Yes,Yes
20,Male,Student,8,6,Racing,Yes,Yes,Yes,7,8,4.7,Often,Yes,No,Yes
28,Male,Student,7,6,Strategy,Yes,Yes,No,6,7,6.3,Never,Yes,No,Yes
20,Female,Nurse,6,6,Strategy,Yes,Yes,Yes,7,1,4.8,Often,Yes,Yes,Yes
26,Female,Preschool Teacher,1,4,Simulation,Yes,No,Yes,10,1,5.6,Often,Yes,No,Yes
17,Female,HVAC Business Owner,1,3,Adventure,Yes,Yes,No,9,1,8.2,Always,Yes,No,Yes
22,Male,Student,2,7,Other,Yes,No,Yes,5,4,5.6,Sometimes,Yes,No,Yes
19,Female,Student,1,6,Creative,No,No,Yes,5,8,8.4,Sometimes,Yes,No,Yes
17,Male,Sales Associate,7,7,Multiplayer,Yes,Yes,No,5,7,7.0,Rarely,No,No,Yes
21,Male,Student,5,3,FPS,Yes,Yes,Yes,6,1,1.4,Sometimes,Yes,No,Yes
22,Female,Student,3,7,Racing,Yes,No,Yes,2,8,5.6,Rarely,No,No,Yes
26,Male,Nurse Practitioner,2,2,Action,No,No,Yes,6,4,4.8,Often,Yes,No,Yes
20,Male,Landscape Architect,2,6,Simulation,Yes,Yes,No,9,6,6.0,Often,Yes,No,Yes
19,Male,Marketing Director,4,3,Sports,Yes,Yes,Yes,5,6,5.7,Sometimes,Yes,Yes,Yes
22,Male,Student,1,6,FPS,Yes,Yes,Yes,8,5,4.9,Sometimes,Yes,No,Yes
23,Female,Student,6,2,Strategy,Yes,Yes,No,5,4,8.2,Often,Yes,Yes,Yes
18,Prefer not to say,Chief Technology Officer,3,4,Battle Royale,Yes,No,Yes,6,6,6.9,Sometimes,Yes,Yes,Yes
21,Male,Student,1,5,Educational,Yes,No,Yes,3,8,6.4,Often,Yes,Yes,Yes
18,Male,Manager,5,2,Racing,No,No,No,8,6,8.0,Often,No,No,Yes
25,Female,Drink,4,5,Puzzle,Yes,Yes,No,6,5,8.4,Often,Yes,No,Yes
19,Female,Delivery Driver,9,3,Simulation,Yes,No,Yes,5,1,5.9,Always,Yes,Yes,Yes
21,Male,Nurse Practitioner,2,6,Educational,Yes,Yes,No,4,6,6.2,Sometimes,No,Yes,Yes
23,Female,Fast Food Employee,5,3,FPS,Yes,Yes,Yes,8,6,4.1,Always,Yes,No,Yes
21,Female,Architect,3,3,Sports,Yes,Yes,No,8,6,5.6,Sometimes,Yes,No,Yes
18,Male,College Sophomore,3,4,Strategy,Yes,No,Yes,5,7,6.1,Often,Yes,No,Yes
22,Female,Construction Worker,9,6,Creative,Yes,No,Yes,8,1,5.1,Often,No,No,Yes
19,Female,Doctor,1,5,Action,Yes,No,Yes,4,1,8.6,Often,Yes,No,Yes
19,Male,Student,5,7,Action,Yes,Yes,Yes,5,6,6.2,Rarely,Yes,No,Yes
21,Prefer not to say,Financial Planner,4,3,Sports,Yes,Yes,Yes,8,10,8.1,Often,Yes,Yes,No
27,Female,Business in Import export ,6,5,Creative,Yes,Yes,Yes,3,4,7.9,Often,Yes,No,Yes
22,Male,VR Design Student,6,7,Racing,Yes,Yes,No,7,8,8.0,Often,No,No,Yes
23,Male,Auto Group Executive,1,3,Sports,Yes,No,Yes,9,6,5.5,Rarely,Yes,No,Yes
19,Female,Music Student,2,4,Strategy,Yes,No,No,6,4,8.3,Rarely,No,No,Yes
24,Other,Coffee Barista,6,5,Puzzle,No,Yes,No,3,2,5.3,Always,Yes,No,Yes
21,Male,Nanny,1,1,RPG,Yes,Yes,Yes,7,6,7.0,Sometimes,Yes,No,Yes
18,Female,Student,4,2,Simulation,No,No,Yes,6,3,4.9,Rarely,No,Yes,Yes
20,Female,Electrician Lead,2,7,FPS,Yes,Yes,No,3,7,5.9,Never,No,No,Yes
17,Female,Electrical Contractor,1,3,Strategy,Yes,Yes,No,3,6,6.1,Sometimes,Yes,No,Yes
19,Female,Freelance Writer,2,3,RPG,Yes,No,Yes,5,6,6.4,Sometimes,Yes,No,Yes
23,Female,Student,5,6,Racing,No,No,Yes,9,5,5.1,Rarely,Yes,Yes,Yes
21,Female,Psychology Student,2,7,Battle Royale,Yes,Yes,Yes,3,4,6.2,Sometimes,No,No,Yes
19,Female,Sales Associate,3,5,Simulation,Yes,Yes,Yes,3,6,7.1,Rarely,Yes,No,Yes
21,Female,Art Major,1,4,Sports,Yes,Yes,No,10,5,6.2,Often,No,No,Yes
21,Female,Student,4,6,Racing,Yes,Yes,Yes,3,4,5.7,Rarely,Yes,Yes,Yes
19,Male,Student,1,1,Simulation,Yes,Yes,Yes,5,4,6.1,Often,Yes,No,Yes
25,Male,Music Store Clerk,4,3,RPG,Yes,No,Yes,2,2,4.7,Always,Yes,Yes,Yes
18,Prefer not to say,Pediatric Nurse,9,4,MOBA,No,Yes,Yes,8,8,4.4,Sometimes,Yes,Yes,Yes
21,Male,Kindergarten Teacher,2,7,Simulation,Yes,Yes,No,5,6,6.1,Sometimes,No,Yes,Yes
17,Female,Vet Assistant,4,1,Simulation,Yes,No,Yes,7,6,6.3,Often,No,No,Yes
19,Female,College Athlete,6,2,RPG,Yes,Yes,Yes,7,7,5.8,Sometimes,Yes,No,Yes
23,Male,Vet Receptionist,3,4,Simulation,Yes,Yes,No,7,7,6.9,Sometimes,No,No,Yes
23,Male,Marketing Manager,1,7,Simulation,Yes,Yes,Yes,3,6,5.8,Often,Yes,Yes,No
20,Prefer not to say,College Sophomore,3,7,Sports,Yes,Yes,Yes,3,7,6.2,Often,Yes,No,Yes
19,Female,Student,5,5,Action,Yes,Yes,No,4,8,6.3,Sometimes,Yes,No,Yes
21,Male,High School Senior,4,6,FPS,No,No,No,10,6,7.8,Sometimes,Yes,No,Yes
17,Prefer not to say,Physician Assistant,5,2,Racing,No,Yes,Yes,5,5,7.7,Often,No,No,Yes
20,Prefer not to say,Student,3,6,Strategy,Yes,Yes,No,9,10,7.7,Often,Yes,Yes,Yes
21,Male,HS Senior,2,5,Sports,No,Yes,Yes,8,6,5.0,Sometimes,Yes,Yes,Yes
23,Female,Zara store employee ,1,4,Sports,Yes,No,Yes,7,2,7.2,Often,Yes,Yes,Yes
25,Male,Software Engineer,3,5,Creative,Yes,Yes,No,2,6,6.3,Sometimes,Yes,No,Yes
19,Male,Astrophysicist,5,3,Battle Royale,No,No,No,9,5,4.3,Never,Yes,Yes,Yes
18,Male,Freelance Writer,1,6,FPS,No,No,No,2,1,5.1,Sometimes,Yes,Yes,Yes
20,Male,Auto Dealer,1,5,Racing,Yes,Yes,Yes,3,10,6.1,Sometimes,Yes,No,Yes
19,Male,Unemployed,3,1,Strategy,Yes,Yes,No,6,5,6.1,Sometimes,Yes,No,Yes
19,Male,Neuroscience Researcher,1,1,FPS,Yes,Yes,Yes,2,7,6.1,Sometimes,No,Yes,Yes
18,Female,Student,3,5,Simulation,Yes,Yes,Yes,9,6,5.9,Never,No,Yes,Yes
20,Male,Student,2,4,Other,No,Yes,Yes,10,9,3.4,Sometimes,Yes,No,Yes
23,Prefer not to say,Pharmacy Tech,6,6,Other,Yes,No,No,8,4,6.1,Sometimes,Yes,Yes,No
19,Female,Student,5,6,Casual,No,Yes,No,2,2,7.9,Never,Yes,No,Yes
19,Female,Student,2,3,Multiplayer,Yes,Yes,Yes,8,6,5.5,Always,Yes,No,Yes
24,Male,Nursing Student,2,3,Strategy,Yes,No,No,7,5,6.5,Often,No,No,Yes
27,Female,Student,6,6,Racing,Yes,Yes,Yes,8,5,2.1,Rarely,Yes,No,Yes
17,Male,Student,3,6,FPS,Yes,Yes,Yes,7,6,6.0,Often,No,Yes,Yes
21,Male,Fast Food Manager,4,2,Racing,No,Yes,No,7,2,7.0,Often,Yes,No,Yes
21,Female,Student,1,6,Multiplayer,Yes,Yes,No,5,8,6.1,Sometimes,Yes,No,Yes
20,Female,Delivery Manager,2,2,Action,Yes,Yes,No,3,3,6.1,Often,No,Yes,Yes
19,Male,Pediatrician,5,7,Action,Yes,Yes,Yes,7,5,3.4,Often,Yes,No,Yes
24,Male,Drink,4,7,Strategy,Yes,Yes,Yes,10,3,6.1,Rarely,Yes,No,Yes
17,Male,Construction Supervisor,3,4,Strategy,Yes,Yes,Yes,2,7,4.0,Always,Yes,No,Yes
25,Male,Graphic Designer,6,6,RPG,Yes,Yes,No,2,4,3.3,Never,Yes,No,Yes
23,Male,Construction Foreman,2,5,Sports,Yes,Yes,Yes,2,7,5.9,Sometimes,Yes,No,Yes
19,Male,Nursing Student,1,5,Strategy,Yes,No,No,7,8,4.1,Often,Yes,No,Yes
20,Male,Delivery Driver,1,5,Battle Royale,Yes,Yes,No,8,6,6.1,Often,No,Yes,Yes
23,Male,Student,1,3,Casual,Yes,No,No,8,5,8.4,Rarely,Yes,No,Yes
20,Male,Student ,3,7,Action,Yes,Yes,Yes,9,6,7.2,Often,No,No,Yes
24,Male,Student,4,5,Battle Royale,No,Yes,No,9,6,7.8,Often,Yes,No,Yes
18,Female,Medical Assistant,4,2,FPS,Yes,Yes,Yes,2,4,7.4,Often,No,No,Yes
21,Male,Delivery Manager,2,5,Battle Royale,Yes,Yes,Yes,2,10,7.9,Sometimes,Yes,Yes,Yes
19,Male,Lawyer,2,5,Casual,Yes,Yes,No,7,1,7.2,Sometimes,No,Yes,Yes
18,Male,Barista,3,6,Simulation,Yes,Yes,No,7,6,8.1,Never,Yes,No,Yes
21,Female,Game Design Student,1,4,Strategy,Yes,No,No,7,4,6.8,Sometimes,No,No,Yes
24,Male,Art Gallery Owner,6,1,RPG,No,Yes,Yes,8,5,5.8,Often,Yes,Yes,Yes
24,Male,HS Senior,2,6,FPS,Yes,Yes,Yes,7,7,6.1,Often,Yes,Yes,Yes
19,Male,Digital Arts Major,6,6,Battle Royale,No,No,Yes,4,7,7.1,Never,No,No,Yes
21,Male,College Student,4,7,Action,Yes,No,Yes,5,5,6.0,Sometimes,Yes,No,Yes
18,Male,Bank Teller,1,2,Racing,No,Yes,No,8,6,6.2,Sometimes,Yes,No,Yes
20,Female,Truck Driver,5,7,FPS,Yes,No,No,7,1,6.4,Sometimes,No,No,Yes
24,Male,Student,2,5,Puzzle,Yes,No,No,6,4,5.9,Often,No,Yes,Yes
19,Female,Pediatric Nurse,1,6,Puzzle,Yes,No,No,5,7,6.2,Never,Yes,No,Yes
19,Male,Student,5,2,Simulation,Yes,No,Yes,4,8,4.0,Often,Yes,No,Yes
22,Male,Nurse Practitioner,9,6,Casual,Yes,Yes,Yes,8,4,7.1,Often,Yes,No,Yes
21,Male,Warehouse Worker,1,6,FPS,Yes,No,No,10,1,3.0,Sometimes,Yes,No,Yes
20,Female,IT Consultant,1,2,Racing,Yes,Yes,No,4,8,4.0,Sometimes,No,No,Yes
25,Male,Student,1,4,Strategy,Yes,Yes,No,7,2,6.1,Sometimes,Yes,No,Yes
18,Male,Freelance Writer,3,3,Racing,No,No,Yes,9,1,6.7,Often,Yes,Yes,Yes
22,Male,Student,1,1,FPS,Yes,No,Yes,2,4,5.8,Often,Yes,No,Yes
24,Prefer not to say,Freelance Writer,2,2,Sports,Yes,Yes,Yes,8,5,2.2,Sometimes,Yes,No,Yes
23,Male,Student,2,6,Strategy,Yes,Yes,Yes,5,1,5.3,Always,No,Yes,Yes
20,Male,HS Senior,2,6,Racing,Yes,Yes,No,7,6,6.8,Sometimes,Yes,Yes,Yes
22,Female,Student,2,6,Simulation,No,Yes,Yes,3,2,5.3,Often,Yes,No,Yes
18,Female,Student,4,6,Simulation,No,Yes,No,7,4,7.9,Sometimes,No,No,Yes
21,Male,Landscaper,3,3,Educational,Yes,No,No,3,9,6.1,Often,Yes,No,No
25,Prefer not to say,Business in Import export ,3,4,Other,Yes,Yes,Yes,7,5,6.2,Always,Yes,No,Yes
22,Female,Student,5,1,Adventure,Yes,No,No,4,6,6.3,Rarely,Yes,Yes,Yes
21,Female,Cybersecurity Expert,1,5,Casual,Yes,No,No,6,5,8.4,Often,No,Yes,Yes
21,Male,Auto Repair Shop Manager,3,3,Multiplayer,Yes,Yes,No,10,10,7.9,Sometimes,Yes,No,Yes
18,Female,Student,3,4,FPS,Yes,No,No,5,9,6.1,Sometimes,Yes,Yes,Yes
20,Female,Bank Teller,7,5,Creative,Yes,Yes,Yes,7,2,6.4,Often,Yes,No,Yes
21,Male,Fine Arts Major,4,6,MMO,Yes,Yes,No,8,8,5.2,Never,Yes,Yes,Yes
26,Female,Accountant,6,4,FPS,No,Yes,No,8,8,5.4,Always,No,No,Yes
22,Male,Construction Worker,1,3,FPS,Yes,No,Yes,8,9,7.3,Often,Yes,Yes,Yes
25,Male,Dental Assistant,1,3,FPS,Yes,No,No,9,1,5.8,Rarely,Yes,No,Yes
23,Male,Biology Researcher,1,1,Racing,Yes,Yes,No,5,2,8.0,Often,No,Yes,Yes
29,Male,Student,2,5,MMO,No,No,No,1,6,6.8,Always,Yes,No,Yes
18,Male,Police Officer,4,4,RPG,Yes,Yes,Yes,2,1,5.5,Never,Yes,Yes,Yes
22,Female,Student,2,4,Visual Novel,Yes,Yes,Yes,4,6,4.2,Sometimes,No,Yes,Yes
19,Male,HS Senior,1,6,RPG,No,Yes,No,2,3,6.3,Never,Yes,No,Yes
17,Female,Physics Major,5,7,Casual,Yes,No,No,6,3,8.3,Rarely,Yes,No,Yes
18,Female,Software Engineer,6,2,Casual,Yes,Yes,No,7,8,8.2,Often,No,Yes,Yes
23,Female,IT Project Manager,1,7,RPG,Yes,Yes,No,5,7,6.1,Rarely,Yes,No,Yes
20,Female,Psych Research Asst,2,7,Action,Yes,No,Yes,7,6,6.4,Always,No,Yes,Yes
19,Male,Delivery Supervisor,5,7,Educational,No,Yes,Yes,9,6,6.4,Always,No,Yes,Yes
26,Female,Construction Worker,2,4,Strategy,Yes,No,Yes,7,7,6.4,Sometimes,Yes,No,Yes
21,Male,Teacher,9,1,RPG,No,Yes,No,4,10,6.0,Never,Yes,No,Yes
22,Female,Student,5,2,Sports,Yes,No,Yes,3,6,5.9,Sometimes,Yes,Yes,Yes
23,Male,Student,5,2,FPS,Yes,Yes,Yes,10,4,6.3,Never,Yes,Yes,Yes
20,Female,Computer Engineering,1,4,Strategy,Yes,Yes,Yes,3,6,6.0,Often,Yes,No,Yes
21,Male,Network Administrator,2,6,Puzzle,Yes,Yes,Yes,10,4,4.8,Often,Yes,No,Yes
23,Female,Student,3,3,Racing,Yes,No,No,4,4,5.9,Often,Yes,No,Yes
22,Male,Retail Manager,1,7,Simulation,Yes,No,No,6,4,5.8,Sometimes,Yes,Yes,Yes
21,Female,Truck Driver,4,2,Battle Royale,Yes,Yes,Yes,6,10,6.2,Often,Yes,No,Yes
21,Male,Fast Food Manager,7,4,Creative,Yes,Yes,Yes,8,4,4.8,Often,No,No,Yes
23,Male,Supply Chain Director,1,5,Simulation,Yes,Yes,Yes,2,4,4.1,Never,No,No,Yes
24,Male,Unemployed,3,5,MMO,Yes,Yes,No,2,4,6.0,Often,No,No,Yes
21,Female,Music Student,4,1,Action,Yes,Yes,No,2,5,2.9,Often,No,No,Yes
22,Female,Teacher,3,5,Adventure,Yes,Yes,No,9,2,2.9,Sometimes,Yes,No,Yes
27,Female,Early Childhood Educator,2,6,Puzzle,Yes,No,No,6,7,6.2,Sometimes,Yes,Yes,Yes
21,Male,Student,6,5,FPS,Yes,Yes,Yes,6,3,6.3,Always,Yes,Yes,Yes
23,Female,Cook,2,6,FPS,Yes,No,Yes,5,4,3.5,Often,Yes,Yes,Yes
26,Prefer not to say,Student,5,3,Simulation,Yes,Yes,Yes,6,4,6.0,Never,Yes,No,Yes
27,Male,Nurse,2,6,Puzzle,Yes,Yes,Yes,5,6,6.2,Often,No,No,Yes
24,Female,Special Needs Teacher,3,1,Puzzle,Yes,Yes,Yes,5,7,4.6,Always,Yes,Yes,Yes
21,Female,Student,7,1,Creative,Yes,Yes,No,4,6,5.8,Often,Yes,No,Yes
24,Male,Student,4,2,MMO,No,No,No,6,6,8.0,Sometimes,Yes,Yes,Yes
18,Male,High School Junior,3,7,MMO,Yes,No,Yes,8,6,8.1,Often,No,Yes,Yes
27,Female,Construction Worker,3,3,FPS,Yes,No,Yes,6,1,2.4,Sometimes,Yes,Yes,Yes
21,Female,Mechanic,3,5,RPG,Yes,Yes,No,1,9,6.1,Sometimes,Yes,No,No
22,Female,Cybersecurity Expert,6,7,MMO,Yes,Yes,Yes,5,6,5.9,Often,Yes,No,Yes
20,Male,College Dropout,2,1,Puzzle,Yes,No,Yes,4,1,6.4,Often,No,No,Yes
19,Male,Research Assistant,2,6,Casual,Yes,Yes,No,9,7,7.5,Always,Yes,Yes,Yes
25,Male,Art Student,5,6,Strategy,Yes,Yes,No,6,4,5.2,Sometimes,Yes,No,Yes
23,Female,Student,4,6,Puzzle,Yes,No,No,4,1,7.1,Often,No,Yes,Yes
19,Male,Student,1,7,Simulation,No,Yes,No,5,6,6.2,Never,Yes,Yes,Yes
21,Female,Business in Import export ,5,7,Puzzle,Yes,No,Yes,8,9,6.4,Often,Yes,No,Yes
17,Female,AI Research Student,1,6,FPS,Yes,Yes,Yes,8,6,8.1,Rarely,No,Yes,Yes
21,Male,Cashier,2,4,Action,Yes,Yes,Yes,4,7,3.8,Sometimes,Yes,No,Yes
20,Female,Student,3,6,Action,Yes,Yes,Yes,5,6,4.1,Sometimes,No,Yes,Yes
29,Male,HS Junior,2,6,Strategy,Yes,No,Yes,6,3,8.4,Always,Yes,No,Yes
17,Male,Teacher,3,5,Puzzle,Yes,Yes,Yes,8,4,5.2,Often,Yes,Yes,Yes
18,Male,Auto Body Technician,7,2,Other,Yes,No,Yes,7,1,7.4,Never,Yes,No,Yes
21,Female,HS Senior,1,7,Creative,Yes,No,No,9,1,6.0,Sometimes,Yes,Yes,Yes
19,Male,Student,4,3,Casual,Yes,Yes,Yes,7,1,5.4,Often,Yes,No,Yes
27,Male,Childcare Worker,4,4,FPS,Yes,No,No,7,4,8.7,Never,Yes,Yes,Yes
20,Male,Student,2,5,Other,No,Yes,No,7,8,6.0,Always,Yes,No,Yes
19,Male,Student,1,3,Simulation,Yes,Yes,No,2,9,6.3,Never,Yes,Yes,Yes
21,Female,Student,4,5,Sports,Yes,Yes,Yes,10,4,5.8,Often,No,No,Yes
24,Male,Student,1,3,Multiplayer,Yes,No,No,5,2,6.9,Sometimes,Yes,No,Yes
17,Female,Student,1,6,MMO,Yes,Yes,Yes,3,5,8.5,Sometimes,Yes,Yes,No
17,Male,Student,6,7,Puzzle,Yes,No,No,2,5,8.0,Sometimes,Yes,Yes,Yes
18,Male,Student,4,7,RPG,Yes,Yes,Yes,8,10,1.9,Often,Yes,Yes,Yes
20,Male,Student,1,5,Sports,No,No,Yes,7,6,6.2,Sometimes,No,Yes,Yes
18,Female,Drink,3,1,Simulation,No,No,Yes,2,1,8.1,Never,Yes,Yes,Yes
24,Female,Nursing Assistant,1,5,Simulation,Yes,Yes,No,10,4,5.7,Never,Yes,Yes,Yes
18,Male,Student,1,1,Sports,Yes,Yes,Yes,6,5,6.0,Sometimes,No,No,Yes
20,Female,Student,3,6,Creative,Yes,Yes,Yes,7,7,6.2,Always,No,No,Yes
28,Female,Art Major,2,4,Casual,Yes,No,Yes,10,4,1.1,Sometimes,No,No,Yes
22,Female,Teacher,3,7,MMO,Yes,Yes,Yes,7,4,6.9,Never,Yes,Yes,Yes
21,Male,IT Helpdesk Lead,4,3,Multiplayer,Yes,Yes,No,1,8,7.0,Sometimes,No,No,Yes
21,Male,Freelance Writer,3,3,RPG,Yes,Yes,Yes,6,5,7.2,Often,Yes,Yes,Yes
20,Male,IT Helpdesk,4,1,Multiplayer,Yes,No,Yes,7,6,6.1,Never,No,Yes,Yes
21,Female,Freelance Writer,8,5,Adventure,Yes,No,Yes,6,4,7.6,Always,Yes,No,Yes
18,Female,Student,5,3,Sports,No,No,Yes,7,8,5.3,Often,Yes,Yes,Yes
19,Male,Social Worker,6,6,Simulation,Yes,No,No,6,7,6.8,Never,Yes,Yes,Yes
21,Female,Student,6,4,Adventure,Yes,Yes,Yes,7,2,5.9,Sometimes,Yes,Yes,Yes
25,Female,Auto Parts Manager,2,6,Strategy,Yes,Yes,Yes,5,7,5.5,Often,Yes,No,No
18,Male,Doctor,4,7,Simulation,Yes,Yes,No,10,7,8.5,Always,Yes,No,Yes
23,Male,IT Technician,6,6,Strategy,Yes,Yes,Yes,7,4,4.9,Often,Yes,No,Yes
21,Male,Electrician Supervisor,5,4,Adventure,No,Yes,Yes,5,1,5.1,Always,No,No,Yes
20,Male,Student,2,5,Simulation,Yes,No,No,4,5,8.3,Sometimes,Yes,No,Yes
22,Female,Student,5,1,FPS,Yes,Yes,Yes,6,2,5.8,Often,Yes,No,Yes
27,Male,Child Development Prof,5,6,Creative,Yes,No,Yes,7,6,6.2,Often,No,No,Yes
27,Female,Chief Technology Officer,1,6,Strategy,No,Yes,Yes,5,4,4.0,Often,Yes,Yes,Yes
18,Female,Nursing Student,7,6,FPS,No,No,No,6,7,7.9,Never,Yes,No,Yes
18,Male,Auto Mechanic Lead,4,1,FPS,Yes,No,No,9,4,8.1,Rarely,Yes,Yes,Yes
21,Male,Computer Science Major,7,2,Creative,Yes,No,Yes,3,6,7.0,Often,Yes,No,Yes
20,Female,Bank Teller,1,3,Racing,No,No,Yes,6,8,3.5,Often,Yes,No,Yes
22,Male,Manager,6,3,Multiplayer,No,Yes,Yes,6,4,6.9,Rarely,No,Yes,Yes
26,Female,Manager,4,6,Simulation,Yes,Yes,Yes,9,4,5.0,Often,Yes,No,No
19,Prefer not to say,Warehouse Associate,2,6,Battle Royale,Yes,Yes,Yes,3,8,5.8,Never,Yes,Yes,Yes
18,Female,Astrophysicist,1,2,Adventure,Yes,No,No,4,1,6.4,Sometimes,No,No,Yes
23,Female,Nursing Student,2,5,Strategy,No,No,No,8,4,4.8,Often,Yes,No,Yes
18,Female,IT Helpdesk,2,1,Racing,No,No,No,5,9,6.3,Sometimes,No,Yes,Yes
24,Male,IT Technician,3,5,Educational,Yes,Yes,Yes,4,7,6.3,Sometimes,No,Yes,Yes
20,Male,High School Sophomore,2,6,MMO,Yes,Yes,Yes,5,4,8.5,Sometimes,Yes,No,Yes
18,Male,College Student,5,6,Simulation,Yes,No,Yes,7,5,4.6,Sometimes,No,No,Yes
24,Male,IT Consultant,1,7,Strategy,Yes,Yes,Yes,9,6,5.2,Sometimes,Yes,No,Yes
21,Female,Unemployed,6,7,Battle Royale,Yes,No,No,1,7,5.8,Often,Yes,Yes,Yes
30,Female,Drink,6,2,Battle Royale,Yes,No,Yes,3,10,6.1,Sometimes,Yes,Yes,Yes
19,Female,Student,2,6,FPS,Yes,No,Yes,10,7,5.8,Always,No,Yes,Yes
25,Female,Construction Foreman,2,6,Other,Yes,Yes,No,4,4,4.9,Never,Yes,Yes,Yes
20,Male,Esports Aspirant,1,4,Action,No,Yes,Yes,4,4,5.0,Never,No,Yes,Yes
29,Male,Student,4,5,Battle Royale,Yes,Yes,Yes,1,6,5.6,Rarely,No,Yes,Yes
24,Male,Landscaper,3,2,Strategy,Yes,Yes,Yes,6,4,7.9,Often,Yes,No,Yes
18,Male,Student,4,6,Simulation,Yes,No,Yes,8,1,5.8,Never,Yes,No,Yes
21,Male,Student,3,5,Casual,Yes,No,No,10,2,3.0,Never,Yes,Yes,Yes
22,Male,Psychology Student,3,6,Sports,Yes,Yes,No,6,6,7.4,Never,No,Yes,Yes
19,Male,HS Senior,4,5,Educational,Yes,Yes,No,1,7,5.9,Often,No,Yes,Yes
19,Female,Designer,2,6,Strategy,Yes,Yes,Yes,6,2,7.1,Never,Yes,Yes,Yes
25,Male,Vet Tech,4,3,Simulation,Yes,No,No,5,2,5.8,Often,No,Yes,Yes
29,Male,Fast Food Manager,1,7,Casual,Yes,Yes,Yes,5,4,6.0,Sometimes,No,Yes,Yes
20,Male,Truck Driver,4,2,Puzzle,Yes,Yes,Yes,5,7,5.7,Often,No,Yes,Yes
21,Female,Student,1,7,FPS,Yes,No,Yes,8,4,8.0,Always,Yes,No,Yes
27,Male,College Senior,1,4,MMO,Yes,Yes,Yes,8,7,7.2,Sometimes,No,Yes,Yes
21,Male,Student,1,6,Action,Yes,No,No,6,8,7.5,Often,No,No,Yes
22,Male,Graphic Artist,2,3,Other,Yes,Yes,No,8,2,8.5,Rarely,Yes,No,Yes
22,Female,Student,6,4,Sports,Yes,No,Yes,2,5,3.9,Always,No,No,Yes
20,Female,Chief Technology Officer,1,7,Sports,Yes,Yes,Yes,5,8,5.8,Often,Yes,No,Yes
20,Male,Marine engineering ,4,5,Strategy,Yes,No,No,7,2,4.8,Rarely,Yes,Yes,Yes
17,Female,Student,5,5,Racing,Yes,No,No,6,3,6.1,Often,Yes,Yes,Yes
19,Female,Student,3,3,MMO,Yes,Yes,No,5,7,4.3,Rarely,Yes,No,Yes
19,Female,Venture Capitalist,3,6,Simulation,Yes,No,Yes,6,7,6.3,Often,No,No,Yes
18,Female,Mechanic,5,3,Simulation,Yes,Yes,No,5,6,4.6,Sometimes,No,Yes,Yes
25,Male,Warehouse Supervisor,3,6,Card,No,Yes,No,6,6,7.1,Sometimes,Yes,Yes,Yes
27,Male,HS Senior,2,6,FPS,Yes,Yes,Yes,2,6,6.8,Sometimes,Yes,Yes,Yes
22,Male,Student,1,5,FPS,Yes,Yes,No,7,6,5.7,Often,Yes,No,Yes
25,Male,Student,5,5,Strategy,Yes,No,No,5,7,8.0,Sometimes,No,No,Yes
17,Male,Lawyer,1,6,Simulation,Yes,Yes,No,5,4,5.6,Often,No,Yes,Yes
21,Female,Manager,5,6,Educational,Yes,Yes,Yes,8,7,5.4,Often,Yes,No,Yes
20,Prefer not to say,Auto Parts Manager,1,5,Fitness,Yes,No,Yes,3,3,4.8,Sometimes,No,Yes,Yes
24,Male,Behavioral Neuroscience,2,2,Simulation,Yes,No,No,5,6,6.0,Always,Yes,No,Yes
18,Male,Marketing Asst,3,3,Strategy,Yes,Yes,No,7,7,6.1,Often,Yes,No,Yes
17,Female,HS Junior,1,7,MMO,Yes,Yes,Yes,2,6,5.2,Sometimes,Yes,No,Yes
25,Female,Student,7,7,Racing,Yes,No,Yes,6,2,8.3,Rarely,Yes,Yes,No
23,Male,Art Gallery Intern,3,1,Racing,No,No,Yes,1,5,8.4,Rarely,No,No,Yes
23,Male,Teacher,3,7,Other,Yes,No,Yes,6,7,8.0,Sometimes,Yes,No,Yes
23,Male,Student,8,6,Simulation,No,Yes,Yes,7,6,6.0,Never,Yes,Yes,Yes
19,Female,Student,5,5,Simulation,Yes,Yes,No,10,6,6.0,Sometimes,Yes,No,Yes
18,Male,Student,2,6,FPS,Yes,No,No,9,6,6.1,Sometimes,No,Yes,Yes
18,Female,Truck Driver,1,3,Puzzle,Yes,Yes,Yes,10,7,5.4,Often,Yes,No,Yes
19,Female,AI Research Scientist,2,7,Other,Yes,Yes,No,5,8,6.9,Often,Yes,Yes,Yes
18,Male,Student,1,7,Simulation,Yes,Yes,No,7,6,6.0,Often,Yes,Yes,Yes
18,Male,Student,1,6,Strategy,No,Yes,Yes,3,1,5.4,Sometimes,Yes,No,Yes
22,Female,Student,3,6,Strategy,Yes,No,No,5,7,7.3,Rarely,No,No,Yes
21,Male,Warehouse Worker,2,5,Sports,No,No,Yes,7,1,4.9,Always,No,Yes,Yes
20,Prefer not to say,Cosmetology Student,4,7,Simulation,Yes,Yes,Yes,10,8,6.1,Often,Yes,No,Yes
28,Prefer not to say,Student,1,1,FPS,No,No,No,2,4,3.2,Always,No,No,Yes
22,Female,Student,4,6,Creative,Yes,No,Yes,3,4,8.0,Sometimes,Yes,No,No
18,Male,Game Design Student,2,5,Puzzle,Yes,Yes,Yes,7,4,2.8,Always,Yes,Yes,Yes
23,Female,College Dropout,4,5,Other,Yes,Yes,Yes,10,4,5.0,Sometimes,Yes,Yes,Yes
19,Female,Barista,5,3,Adventure,Yes,Yes,No,2,8,7.6,Often,Yes,Yes,Yes
24,Female,Music Student,2,5,Strategy,Yes,Yes,Yes,6,4,8.3,Often,Yes,No,Yes
22,Female,Auto Mechanic,4,6,Racing,Yes,No,No,8,8,8.8,Often,Yes,No,Yes
23,Male,Game Design Student,4,6,Creative,No,Yes,Yes,5,10,7.9,Always,Yes,No,Yes
19,Male,Computer Science Major,6,5,RPG,Yes,No,No,7,2,3.3,Never,Yes,No,Yes
25,Female,Student,4,6,FPS,Yes,No,No,7,9,6.0,Never,No,No,Yes
19,Male,Student,5,5,RPG,Yes,Yes,Yes,7,8,7.3,Often,Yes,No,Yes
19,Prefer not to say,Orthodontist,6,6,Casual,Yes,No,Yes,7,6,8.3,Often,No,Yes,Yes
22,Female,Auto Repair Shop Manager,4,6,Simulation,No,Yes,Yes,8,4,5.9,Often,No,Yes,Yes
17,Male,Student,2,6,Sports,Yes,Yes,Yes,3,5,8.5,Often,Yes,No,Yes
17,Male,Engineer,4,6,Battle Royale,Yes,Yes,No,3,4,7.0,Never,Yes,No,No
18,Male,Psych Research Asst,4,1,FPS,Yes,Yes,Yes,7,2,5.1,Often,Yes,No,Yes
19,Male,Music Student,7,7,Racing,Yes,Yes,No,7,3,1.8,Always,No,Yes,Yes
22,Male,Student,5,5,Casual,Yes,Yes,No,5,1,3.3,Rarely,Yes,Yes,Yes
19,Female,Biology Major,7,7,FPS,Yes,Yes,No,6,5,6.8,Sometimes,Yes,Yes,No
17,Prefer not to say,Vet Assistant,9,6,Casual,Yes,Yes,Yes,5,9,6.3,Often,Yes,Yes,Yes
19,Female,Kindergarten Teacher,3,7,FPS,Yes,No,Yes,6,4,6.1,Rarely,Yes,No,Yes
23,Male,Social Worker,1,4,Racing,No,Yes,Yes,7,6,4.6,Always,No,Yes,Yes
19,Male,Student,3,7,Casual,No,Yes,No,8,9,6.2,Sometimes,No,Yes,Yes
24,Female,Kindergarten Teacher,5,1,Simulation,Yes,Yes,No,2,8,6.8,Rarely,No,Yes,Yes
22,Female,Student,4,1,Educational,No,Yes,Yes,8,7,6.1,Sometimes,No,No,Yes
22,Male,Industrial Designer,4,1,Simulation,Yes,No,Yes,6,6,6.6,Sometimes,No,Yes,Yes
19,Male,HS Junior,2,7,Puzzle,No,Yes,Yes,10,6,3.9,Sometimes,No,Yes,Yes
19,Female,Construction Supervisor,2,5,Racing,No,Yes,Yes,2,6,6.0,Sometimes,Yes,No,Yes
20,Female,Construction Worker,6,5,MMO,Yes,Yes,Yes,5,6,3.6,Sometimes,Yes,Yes,Yes
26,Male,Lawyer,6,7,FPS,Yes,No,No,8,9,5.5,Often,No,Yes,Yes
17,Male,Electrician Lead,9,6,FPS,Yes,Yes,No,5,7,5.7,Sometimes,No,No,Yes
23,Male,Student,4,6,Simulation,Yes,Yes,Yes,8,1,7.9,Often,Yes,No,Yes
17,Male,Auto Mechanic Lead,3,5,Simulation,Yes,No,No,3,5,6.2,Rarely,Yes,No,Yes
22,Female,High School Sophomore,1,4,Action,Yes,No,No,4,10,6.0,Often,Yes,No,Yes
18,Male,HS Junior,7,1,Educational,Yes,Yes,Yes,5,4,3.6,Often,Yes,Yes,Yes
19,Male,Facilities Manager,2,5,Action,Yes,Yes,No,9,8,5.9,Rarely,Yes,No,Yes
25,Male,Student,3,4,Sports,Yes,No,Yes,6,7,7.2,Always,Yes,No,Yes
19,Female,Student,2,6,Educational,Yes,Yes,No,7,2,8.3,Sometimes,Yes,No,Yes
21,Female,Medical Assistant,6,5,Racing,Yes,No,Yes,7,2,6.0,Sometimes,Yes,No,Yes
18,Male,Surgeon,1,6,Strategy,Yes,No,Yes,2,5,6.7,Often,Yes,No,Yes
17,Male,Student,1,4,Action,Yes,Yes,No,6,6,8.1,Sometimes,No,No,Yes
25,Male,Student,1,1,MMO,No,No,Yes,8,4,1.4,Often,Yes,Yes,Yes
22,Female,Doctor,3,3,Casual,Yes,No,Yes,8,8,5.9,Sometimes,No,Yes,Yes
19,Female,Astrophysicist,4,7,Action,Yes,Yes,Yes,8,2,6.1,Never,Yes,No,Yes
21,Female,Student,1,6,FPS,Yes,Yes,Yes,6,4,2.5,Often,No,Yes,Yes
18,Female,High School Student,4,6,Visual Novel,Yes,No,No,10,2,6.2,Sometimes,No,No,Yes
22,Male,Plumber,5,6,Battle Royale,No,Yes,No,8,8,6.0,Often,Yes,No,Yes
21,Female,Drink,2,2,MMO,Yes,No,Yes,3,7,8.5,Sometimes,No,No,Yes
23,Male,Cognitive Psych Student,5,5,MMO,Yes,Yes,No,3,6,6.0,Rarely,Yes,No,Yes
19,Female,Student,2,6,Sports,Yes,Yes,No,8,4,6.9,Never,No,Yes,Yes
20,Prefer not to say,Student,6,4,FPS,No,No,Yes,2,7,3.3,Always,No,Yes,Yes
21,Male,Student,2,6,Simulation,Yes,Yes,Yes,3,6,5.4,Sometimes,Yes,Yes,Yes
21,Female,Surgeon,2,7,Strategy,Yes,Yes,Yes,8,4,8.0,Often,Yes,Yes,Yes
21,Male,Orthodontist,1,6,Puzzle,Yes,No,No,5,7,3.6,Sometimes,Yes,No,Yes
18,Female,Vet Tech,4,6,Simulation,Yes,No,Yes,6,6,8.6,Sometimes,Yes,Yes,Yes
24,Female,Maintenance Tech,4,3,MMO,No,No,Yes,7,7,5.8,Often,Yes,No,Yes
25,Male,HS Senior,4,4,Strategy,Yes,No,No,7,8,7.7,Often,Yes,No,Yes
24,Male,Student,4,4,Adventure,Yes,Yes,Yes,7,6,7.6,Often,Yes,No,Yes
21,Female,Student,1,7,Educational,Yes,No,Yes,2,10,6.3,Always,Yes,No,Yes
20,Female,Manager at a Gaming Cafe,4,5,Educational,Yes,No,Yes,5,2,6.0,Sometimes,No,Yes,Yes
22,Male,Student,1,5,Casual,Yes,No,No,7,6,7.9,Often,Yes,No,Yes
28,Prefer not to say,Software Engineer,7,2,Strategy,Yes,Yes,Yes,1,7,5.9,Often,No,Yes,Yes
19,Male,Journalism Student,2,7,Racing,Yes,No,No,6,1,5.9,Often,Yes,No,Yes
18,Male,Delivery Manager,4,3,Racing,No,No,Yes,7,6,6.0,Sometimes,Yes,No,Yes
24,Female,Teacher Assistant,1,6,FPS,No,No,No,6,2,5.4,Often,No,No,Yes
22,Female,Student,2,5,Strategy,No,Yes,No,6,5,6.1,Sometimes,Yes,No,Yes
18,Male,Receptionist,1,7,Strategy,Yes,Yes,Yes,10,1,6.1,Sometimes,Yes,No,Yes
28,Female,Dental Office Asst,2,6,Simulation,Yes,Yes,No,7,3,5.9,Sometimes,Yes,Yes,Yes
22,Male,Student,1,5,RPG,Yes,Yes,No,4,6,7.5,Often,No,Yes,Yes
19,Female,Truck Driver,4,7,Simulation,Yes,No,No,2,5,3.9,Often,Yes,No,Yes
19,Male,Auto Body Technician,2,7,FPS,Yes,Yes,No,2,2,8.2,Sometimes,Yes,No,Yes
21,Prefer not to say,Student,2,1,Educational,Yes,No,Yes,5,1,6.1,Rarely,Yes,Yes,Yes
17,Male,Student,1,7,Rhythm,Yes,Yes,Yes,6,6,6.3,Sometimes,No,Yes,No
26,Male,Fast Food Employee,2,6,Strategy,Yes,Yes,Yes,5,5,5.3,Never,No,No,Yes
20,Male,Delivery Driver,3,3,RPG,Yes,No,Yes,4,6,6.2,Often,Yes,No,Yes
22,Male,Aerospace Engineer,3,6,MMO,Yes,No,Yes,3,6,1.4,Sometimes,Yes,No,Yes
20,Female,Student,1,3,Battle Royale,No,Yes,Yes,7,6,6.3,Often,Yes,No,Yes
31,Prefer not to say,Delivery Manager,7,6,Racing,Yes,Yes,No,6,5,5.9,Always,No,Yes,Yes
19,Male,Teacher,6,6,Creative,Yes,No,No,2,6,6.3,Often,No,No,Yes
27,Female,College Student,3,6,Action,Yes,Yes,No,3,6,4.9,Often,Yes,No,Yes
21,Female,Receptionist,3,4,Simulation,No,No,No,7,7,6.0,Never,Yes,No,Yes
23,Male,Truck Driver,2,3,Creative,Yes,Yes,Yes,4,1,4.1,Sometimes,Yes,No,Yes
19,Female,Golf Course Superintendent,1,4,Casual,Yes,No,No,8,1,6.1,Sometimes,No,Yes,Yes
21,Female,College Sophomore,1,6,Sports,Yes,No,Yes,6,6,6.3,Never,Yes,No,Yes
22,Female,College Dropout,4,2,Battle Royale,Yes,No,No,5,2,7.4,Often,No,No,Yes
18,Prefer not to say,Designer,5,3,Simulation,No,Yes,Yes,5,4,7.4,Rarely,Yes,No,Yes
23,Male,Paralegal,1,6,FPS,Yes,Yes,No,3,6,7.0,Sometimes,No,Yes,Yes
26,Female,Journalism Student,4,4,Simulation,No,No,Yes,5,1,8.0,Often,Yes,No,Yes
21,Prefer not to say,Student,5,6,Racing,Yes,Yes,Yes,5,7,5.1,Never,Yes,Yes,Yes
20,Female,Nanny,7,5,Strategy,Yes,Yes,No,2,10,5.7,Never,Yes,Yes,Yes
21,Male,Hedge Fund Manager,3,3,Racing,No,No,No,10,8,6.0,Often,Yes,Yes,Yes
20,Female,Nurse Practitioner,2,1,FPS,Yes,No,No,1,7,5.2,Rarely,No,Yes,Yes
21,Female,Student,3,6,Simulation,Yes,No,Yes,2,8,5.3,Never,No,Yes,Yes
17,Male,IT Systems Admin,5,4,Sports,Yes,Yes,No,8,5,5.3,Often,Yes,No,Yes
17,Male,IT Director,4,2,Adventure,Yes,Yes,No,7,4,6.7,Always,Yes,Yes,Yes
21,Male,Designer,2,6,Rhythm,Yes,Yes,No,3,6,5.3,Often,Yes,No,Yes
22,Male,Student,2,7,Simulation,Yes,Yes,No,6,3,3.7,Rarely,Yes,Yes,Yes
17,Male,Paralegal,2,6,Casual,Yes,No,No,7,1,6.2,Sometimes,Yes,No,Yes
18,Male,Student,9,2,Rhythm,Yes,Yes,No,9,6,6.0,Never,No,Yes,Yes
21,Female,College Student,6,2,Simulation,Yes,No,No,10,2,6.1,Often,No,Yes,Yes
19,Male,Teacher,1,6,Battle Royale,Yes,Yes,Yes,4,8,6.0,Rarely,No,No,Yes
18,Female,HS Junior,2,7,RPG,Yes,Yes,Yes,8,4,5.3,Always,No,Yes,Yes
25,Male,Psychology Student,3,1,Action,Yes,No,Yes,6,4,5.0,Often,Yes,No,Yes
20,Male,Student,4,6,Sports,No,Yes,Yes,5,1,7.6,Rarely,Yes,No,Yes
24,Male,Designer,1,2,Simulation,Yes,Yes,Yes,6,8,4.7,Sometimes,Yes,No,Yes
20,Male,Student,2,3,MMO,Yes,Yes,No,2,8,7.9,Sometimes,No,No,Yes
27,Female,Plumber,5,3,FPS,Yes,No,Yes,5,6,5.8,Sometimes,Yes,No,Yes
18,Female,Student,5,4,Puzzle,Yes,Yes,No,4,7,6.3,Often,No,No,Yes
18,Female,Pediatric Nurse,4,7,Visual Novel,Yes,Yes,Yes,2,7,8.5,Always,Yes,No,Yes
20,Female,HS Senior,3,6,Casual,Yes,Yes,Yes,9,8,6.1,Never,Yes,Yes,Yes
21,Male,Software Developer,5,7,Battle Royale,No,Yes,No,2,3,6.1,Rarely,No,No,Yes
21,Female,Pharmacy Tech,4,6,Sports,Yes,No,No,3,4,7.8,Often,No,No,Yes
26,Female,Neuroscience Researcher,1,1,Creative,No,No,Yes,3,7,4.9,Rarely,Yes,Yes,Yes
26,Male,HS Junior,2,2,Sports,Yes,No,No,5,1,6.0,Often,No,Yes,Yes
26,Male,Accountant,2,5,Sports,Yes,Yes,Yes,4,6,4.6,Often,Yes,No,Yes
23,Male,Student,4,1,Multiplayer,Yes,No,Yes,7,5,5.9,Often,Yes,Yes,Yes
28,Female,Student,1,2,Creative,Yes,No,No,5,6,5.6,Often,Yes,Yes,Yes
24,Male,Student,6,7,FPS,Yes,Yes,No,5,4,4.5,Always,Yes,No,Yes
30,Male,Music Student,2,6,FPS,Yes,No,Yes,10,6,7.4,Sometimes,Yes,Yes,Yes
23,Male,Student,5,7,FPS,Yes,Yes,Yes,3,6,7.9,Sometimes,Yes,No,Yes
24,Prefer not to say,Student,4,6,Strategy,No,Yes,Yes,8,1,6.4,Sometimes,No,No,Yes
25,Male,Pediatric Nurse,3,7,Strategy,Yes,No,No,2,5,3.5,Often,Yes,No,Yes
23,Male,Social Worker,2,4,Creative,Yes,Yes,No,5,4,7.3,Sometimes,Yes,No,Yes
20,Male,Student,1,7,Sports,Yes,Yes,Yes,8,7,4.3,Never,Yes,No,Yes
21,Male,Research Assistant,2,7,Action,Yes,No,Yes,4,7,6.3,Never,Yes,No,Yes
19,Female,Kindergarten Teacher,2,4,Creative,No,Yes,Yes,2,6,5.7,Sometimes,No,Yes,Yes
22,Male,Barista,6,5,MMO,Yes,Yes,Yes,10,1,8.1,Rarely,Yes,Yes,Yes
21,Male,Marketing Assistant,5,3,Puzzle,Yes,No,No,10,1,7.6,Often,No,Yes,Yes
22,Male,Golf Course Superintendent,5,2,Educational,Yes,Yes,Yes,9,6,8.0,Often,Yes,Yes,Yes
23,Male,Graphic designer,1,3,Strategy,Yes,No,No,7,1,5.8,Often,Yes,No,Yes
18,Male,Student,5,7,RPG,Yes,Yes,No,10,3,6.2,Often,Yes,Yes,Yes
26,Male,Art Gallery Intern,7,7,Strategy,Yes,Yes,Yes,6,1,3.2,Sometimes,Yes,Yes,Yes
25,Female,Truck Driver,4,6,RPG,Yes,Yes,No,7,5,4.2,Always,Yes,No,Yes
19,Male,Unemployed,6,4,Puzzle,Yes,No,No,10,7,5.9,Sometimes,Yes,Yes,Yes
22,Female,Biology Researcher,4,6,Strategy,Yes,No,Yes,5,1,5.5,Often,Yes,No,Yes
20,Male,Art Gallery Assistant,7,2,FPS,Yes,No,Yes,8,7,6.1,Rarely,No,No,Yes
22,Male,Neurosurgeon,1,3,Action,Yes,Yes,Yes,2,2,5.6,Always,Yes,Yes,Yes
22,Female,Student,5,4,Casual,Yes,Yes,No,10,5,6.1,Often,Yes,Yes,Yes
18,Male,Private Equity Partner,5,6,Adventure,Yes,No,No,7,5,8.2,Always,Yes,No,Yes
17,Female,Fast Food Worker,1,2,Educational,Yes,No,No,9,4,3.0,Never,Yes,Yes,Yes
20,Male,HS Junior,3,6,FPS,Yes,No,Yes,10,6,8.5,Sometimes,Yes,No,Yes
23,Male,College Junior,6,4,Strategy,Yes,No,Yes,7,4,6.1,Sometimes,Yes,No,Yes
20,Female,Kindergarten Teacher,1,7,Puzzle,Yes,No,Yes,7,8,7.0,Often,Yes,Yes,No
19,Female,Computer Science Major,3,7,Other,Yes,No,No,3,7,6.1,Sometimes,No,Yes,Yes
19,Male,Student,1,7,FPS,No,Yes,Yes,2,7,7.2,Never,Yes,No,Yes
23,Female,Student,9,6,Action,No,No,No,6,8,6.2,Often,Yes,No,Yes
17,Female,Student,5,7,Educational,Yes,Yes,No,3,6,7.2,Sometimes,Yes,Yes,Yes
19,Female,Music Store Clerk,1,7,Racing,Yes,Yes,Yes,9,5,7.7,Always,Yes,No,Yes
23,Female,HR Assistant,1,1,Battle Royale,Yes,Yes,No,6,5,4.4,Never,Yes,Yes,Yes
21,Male,Designer,9,4,Rhythm,Yes,Yes,No,5,8,5.8,Often,Yes,Yes,Yes
17,Male,Auto Mechanic Lead,3,5,Sports,Yes,Yes,Yes,9,3,3.3,Sometimes,Yes,Yes,Yes
19,Female,Construction Supervisor,2,2,Casual,No,No,No,6,5,5.8,Often,No,No,Yes
18,Male,College Student,3,1,Puzzle,Yes,Yes,No,5,4,6.2,Sometimes,Yes,No,Yes
18,Male,Art Student,5,6,Puzzle,Yes,Yes,No,4,4,5.9,Often,Yes,No,Yes
21,Female,Student,3,7,Action,Yes,Yes,Yes,2,1,8.4,Often,Yes,No,Yes
24,Female,Marketing Assistant,1,4,Action,Yes,Yes,No,6,7,8.8,Never,Yes,No,Yes
21,Female,Student,1,3,Adventure,Yes,Yes,Yes,5,1,5.1,Rarely,Yes,No,Yes
23,Male,Librarian,4,1,Battle Royale,Yes,Yes,Yes,8,7,7.2,Sometimes,Yes,No,No
25,Male,Student,2,7,Racing,Yes,Yes,Yes,8,6,6.0,Sometimes,No,No,Yes
20,Male,College Student,3,6,FPS,Yes,Yes,No,7,3,7.2,Never,Yes,No,Yes
21,Male,Psychology Researcher,5,6,Casual,Yes,Yes,Yes,5,8,4.8,Sometimes,Yes,No,Yes
23,Female,Journalism Student,7,4,Strategy,Yes,Yes,No,9,3,4.9,Often,Yes,Yes,Yes
21,Male,Social Worker,3,7,Strategy,Yes,Yes,Yes,6,1,3.9,Sometimes,No,No,Yes
20,Female,Student,1,7,Rhythm,Yes,Yes,Yes,2,7,7.0,Always,Yes,Yes,Yes
22,Female,Marketing Director,6,7,FPS,No,Yes,No,7,8,6.1,Always,Yes,No,Yes
20,Male,Preschool Director,2,1,Action,Yes,No,No,4,9,7.3,Always,Yes,No,Yes
25,Male,Student,1,7,FPS,No,No,Yes,9,7,6.1,Often,Yes,No,Yes
19,Male,Master Electrician,4,4,Casual,Yes,Yes,No,9,5,4.6,Never,Yes,No,Yes
19,Male,Student,3,5,Action,Yes,Yes,No,9,4,7.2,Rarely,Yes,Yes,Yes
20,Female,Pediatric Nurse,1,1,FPS,Yes,No,No,9,8,8.3,Often,No,No,Yes
21,Male,Electrician Supervisor,7,7,Battle Royale,Yes,Yes,No,2,2,5.0,Never,No,Yes,Yes
27,Male,Student,8,6,FPS,Yes,Yes,Yes,9,2,5.9,Sometimes,Yes,No,Yes
19,Male,Auto Body Technician,1,3,Casual,Yes,Yes,Yes,8,7,5.9,Rarely,Yes,No,Yes
27,Male,Accountant,4,7,Sports,Yes,No,No,10,8,6.2,Rarely,No,Yes,Yes
18,Male,Student,5,7,Casual,Yes,Yes,Yes,3,6,2.9,Sometimes,Yes,No,Yes
27,Female,HS Junior,1,3,Puzzle,Yes,No,Yes,3,2,5.2,Never,No,No,Yes
21,Female,Student,4,5,Creative,No,No,No,8,2,6.9,Often,No,Yes,Yes
19,Male,Teacher,1,3,Visual Novel,Yes,No,No,3,8,5.1,Always,No,No,Yes
19,Male,Student,2,6,Action,Yes,No,No,2,5,5.7,Sometimes,No,Yes,Yes
17,Male,Pediatric Nurse,6,7,MMO,No,No,Yes,4,6,3.6,Sometimes,No,Yes,Yes
22,Female,Operations Manager,1,7,Sports,Yes,No,Yes,8,5,8.0,Often,Yes,No,No
26,Male,Lawyer,9,4,Puzzle,Yes,Yes,No,7,4,8.2,Sometimes,Yes,No,Yes
20,Female,Veterinarian,5,4,Sports,Yes,Yes,Yes,9,4,8.1,Often,Yes,Yes,Yes
21,Male,Construction Foreman,4,5,FPS,Yes,Yes,No,7,8,3.8,Sometimes,Yes,No,Yes
19,Male,Student,3,5,Sports,Yes,Yes,Yes,9,4,6.4,Often,Yes,No,Yes
18,Female,Construction Manager,6,1,Strategy,Yes,Yes,Yes,6,9,5.1,Sometimes,Yes,No,Yes
22,Female,Student,3,6,Simulation,Yes,No,Yes,9,9,5.8,Often,Yes,Yes,Yes
20,Male,HS Senior,3,1,RPG,Yes,No,No,9,1,6.0,Sometimes,Yes,No,Yes
21,Male,Student,2,5,Battle Royale,No,Yes,Yes,3,7,6.2,Often,Yes,No,Yes
25,Male,Student,7,6,Simulation,Yes,No,Yes,6,8,6.3,Always,Yes,No,No
21,Male,Student,2,5,Simulation,No,No,Yes,7,7,8.4,Often,No,No,Yes
23,Male,Bank Teller,5,4,Strategy,No,No,Yes,9,9,5.3,Sometimes,Yes,No,Yes
24,Female,Art Gallery Assistant,1,2,Educational,Yes,No,Yes,4,4,5.9,Always,No,No,Yes
18,Female,High School Sophomore,6,3,Strategy,Yes,No,Yes,6,9,5.1,Never,No,No,No
24,Female,Game Design Student,4,6,Educational,Yes,No,No,3,6,6.2,Sometimes,Yes,Yes,Yes
22,Male,Student,2,4,Simulation,Yes,No,Yes,6,6,8.5,Often,No,No,Yes
25,Female,Engineer,1,6,Action,Yes,No,No,5,4,7.0,Sometimes,No,No,Yes
17,Female,Delivery Driver,1,4,Sports,Yes,Yes,Yes,6,7,3.1,Sometimes,No,Yes,Yes
23,Female,Aerospace Engineer,6,1,Casual,Yes,No,Yes,2,6,5.8,Sometimes,No,Yes,Yes
21,Male,Master Electrician,4,1,Sports,Yes,Yes,Yes,8,8,6.2,Never,No,No,Yes
20,Male,Nurse,4,1,Educational,Yes,Yes,No,8,6,4.4,Sometimes,No,Yes,Yes
21,Male,Designer,3,6,Action,Yes,Yes,Yes,7,3,6.1,Rarely,Yes,No,Yes
22,Male,Student,1,6,Simulation,Yes,No,Yes,7,5,7.2,Often,Yes,No,Yes
19,Male,Pediatric Nurse,1,1,Action,Yes,Yes,No,7,3,5.1,Always,No,Yes,Yes
17,Female,Pharmacist,1,6,Strategy,Yes,Yes,No,6,6,7.6,Often,Yes,No,Yes
24,Male,Esports Aspirant,1,6,Strategy,Yes,Yes,No,6,7,4.2,Rarely,No,No,Yes
20,Female,Automotive Engineer,4,6,Sports,Yes,No,Yes,3,4,8.3,Rarely,Yes,No,Yes
21,Male,Cardiologist,7,2,Strategy,Yes,No,Yes,7,9,5.4,Always,Yes,Yes,Yes
23,Prefer not to say,Degree finish,5,3,Sports,Yes,Yes,Yes,8,9,6.4,Often,Yes,No,Yes
26,Male,Engineer,3,6,Casual,Yes,Yes,No,7,4,7.0,Often,Yes,No,Yes
26,Male,Graphic designer,2,1,Strategy,No,No,Yes,8,3,7.8,Always,Yes,No,Yes
24,Female,Student,6,7,Casual,Yes,Yes,No,7,6,8.6,Often,Yes,No,Yes
19,Male,Plumber,7,4,Casual,No,Yes,Yes,10,6,3.0,Sometimes,Yes,Yes,Yes
17,Male,Cashier,2,7,Sports,Yes,Yes,Yes,3,8,6.2,Never,Yes,No,Yes
17,Male,Student,1,4,Action,Yes,Yes,No,8,7,6.8,Often,Yes,Yes,Yes
21,Male,HS Senior,1,5,Creative,Yes,Yes,Yes,5,3,6.1,Often,Yes,Yes,Yes
20,Male,Student,1,1,Simulation,Yes,Yes,No,7,2,5.9,Often,Yes,Yes,Yes
17,Male,Janitor,2,7,Sports,Yes,Yes,No,9,8,3.5,Rarely,Yes,Yes,Yes
20,Male,Student,4,6,Strategy,Yes,Yes,Yes,9,6,8.3,Rarely,No,No,Yes
22,Female,Social Worker,2,7,Educational,Yes,No,No,3,1,5.7,Never,Yes,No,Yes
22,Male,Construction Apprentice,3,6,RPG,Yes,No,Yes,8,8,3.7,Often,Yes,Yes,Yes
19,Male,Student,4,4,Other,Yes,Yes,Yes,7,8,1.5,Sometimes,Yes,Yes,Yes
19,Male,Special Ed Teacher,1,4,Simulation,Yes,No,No,3,2,6.3,Often,No,No,Yes
22,Male,Fast Food Worker,5,7,Action,Yes,Yes,No,3,6,7.9,Always,Yes,No,Yes
18,Male,Physics Major,4,7,Racing,Yes,No,Yes,3,4,6.3,Often,Yes,No,Yes
20,Male,Chief Technology Officer,4,7,RPG,No,Yes,Yes,7,2,6.3,Rarely,Yes,No,Yes
19,Male,Student,2,5,Racing,No,No,No,3,3,6.1,Often,Yes,No,No
23,Male,Student,4,1,Creative,Yes,No,No,5,8,5.8,Often,No,No,Yes
23,Female,Engineer,4,1,FPS,No,No,No,9,8,7.1,Often,Yes,Yes,Yes
28,Female,Auto Dealership Manager,4,3,MMO,Yes,Yes,Yes,3,1,5.8,Often,No,No,Yes
27,Male,Social Worker,4,5,Casual,Yes,Yes,Yes,4,5,5.3,Sometimes,No,No,Yes
24,Male,Delivery Manager,1,3,Educational,Yes,No,No,7,7,4.5,Sometimes,Yes,Yes,Yes
18,Male,Construction Worker,1,7,Educational,Yes,Yes,Yes,10,6,8.3,Often,Yes,Yes,Yes
21,Male,Brand Strategist,3,6,Simulation,No,No,No,3,7,8.2,Often,No,Yes,Yes
25,Female,Student,6,3,Strategy,Yes,Yes,No,7,5,5.4,Sometimes,No,No,Yes
17,Male,Student,4,4,Action,Yes,No,Yes,7,8,8.4,Often,Yes,No,Yes
19,Prefer not to say,Janitor,2,4,Visual Novel,Yes,Yes,No,7,4,4.6,Sometimes,Yes,No,Yes
18,Male,High School Senior,1,3,Strategy,Yes,Yes,No,7,3,4.8,Sometimes,Yes,Yes,Yes
22,Male,Doctor,1,7,Creative,Yes,No,Yes,5,5,6.1,Often,Yes,No,Yes
23,Male,Teacher,4,4,Action,Yes,No,Yes,9,1,7.3,Often,Yes,No,Yes
